data;data;data dec;hora dec;tag (offset);day mod count;incr;qdade casas;variância;dias:;Num ultima linha;hora;incr;dia;hora dec;tag;habilitar sleep;hora limite;num ult linha;inc hora
2019-10-07 20:00:00;;;;190;;;30;00:15:00;22;662;18:00:00;0;43745;;;extendido?;21:00:00;398;00:10:00
2019-10-07 20:15:15;2019-10-07 20:15:15;43745;12/30/99 08:15 PM;191;0;0;;;;;18:10:00;0;43745;0.756944444444444;192;0;;;
2019-10-07 20:03:08;2019-10-07 20:03:08;43745;12/30/99 08:03 PM;192;0,033333333333333;0,033333333333333;;;;;18:20:00;0;43745;0.763888888888889;192;0;;;
2019-10-07 20:11:10;2019-10-07 20:11:10;43745;12/30/99 08:11 PM;193;0,066666666666667;0,066666666666667;;;;;18:30:00;0;43745;0.770833333333333;192;0;;;
2019-10-07 19:41:40;2019-10-07 19:41:40;43745;12/30/99 07:41 PM;194;0,1;0,1;;;;;18:40:00;0;43745;0.777777777777778;192;0;;;
2019-10-07 19:56:08;2019-10-07 19:56:08;43745;12/30/99 07:56 PM;195;0,133333333333333;0,133333333333333;;;;;18:50:00;0;43745;0.784722222222222;192;0;;;
2019-10-07 20:03:08;2019-10-07 20:03:08;43745;12/30/99 08:03 PM;196;0,166666666666667;0,166666666666667;;;;;19:00:00;0;43745;0.791666666666667;192;0;;;
2019-10-07 20:04:46;2019-10-07 20:04:46;43745;12/30/99 08:04 PM;197;0,2;0,2;;;;;19:10:00;0;43745;0.798611111111111;192;0;;;
2019-10-07 20:10:11;2019-10-07 20:10:11;43745;12/30/99 08:10 PM;198;0,233333333333333;0,233333333333333;;;;;19:20:00;0;43745;0.805555555555555;192;0;;;
2019-10-07 20:00:40;2019-10-07 20:00:40;43745;12/30/99 08:00 PM;199;0,266666666666667;0,266666666666667;;;;;19:30:00;0;43745;0.8125;192;0;;;
2019-10-07 19:39:44;2019-10-07 19:39:44;43745;12/30/99 07:39 PM;200;0,3;0,3;;;;;19:40:00;0;43745;0.819444444444444;192;0;;;
2019-10-07 19:37:46;2019-10-07 19:37:46;43745;12/30/99 07:37 PM;201;0,333333333333333;0,333333333333333;;;;;19:50:00;0;43745;0.826388888888889;192;0;;;
2019-10-07 20:07:54;2019-10-07 20:07:54;43745;12/30/99 08:07 PM;202;0,366666666666667;0,366666666666667;;;;;20:00:00;0;43745;0.833333333333333;192;0;;;
2019-10-07 20:06:14;2019-10-07 20:06:14;43745;12/30/99 08:06 PM;203;0,4;0,4;;;;;20:10:00;0;43745;0.840277777777777;192;1;;;
2019-10-07 20:15:50;2019-10-07 20:15:50;43745;12/30/99 08:15 PM;204;0,433333333333333;0,433333333333333;;;;;20:20:00;0;43745;0.847222222222222;192;1;;;
2019-10-07 20:19:33;2019-10-07 20:19:33;43745;12/30/99 08:19 PM;205;0,466666666666667;0,466666666666667;;;;;20:30:00;0;43745;0.854166666666666;192;1;;;
2019-10-07 20:07:38;2019-10-07 20:07:38;43745;12/30/99 08:07 PM;206;0,5;0,5;;;;;20:40:00;0;43745;0.861111111111111;192;1;;;
2019-10-07 19:42:13;2019-10-07 19:42:13;43745;12/30/99 07:42 PM;207;0,533333333333333;0,533333333333333;;;;;20:50:00;0;43745;0.868055555555555;192;1;;;
2019-10-07 20:04:12;2019-10-07 20:04:12;43745;12/30/99 08:04 PM;208;0,566666666666667;0,566666666666667;;;;;21:00:00;0;43745;0.875;192;1;;;
2019-10-07 20:12:18;2019-10-07 20:12:18;43745;12/30/99 08:12 PM;209;0,6;0,6;;;;;18:10:00;30;43746;0.756944444444444;192;0;;;
2019-10-07 20:19:17;2019-10-07 20:19:17;43745;12/30/99 08:19 PM;210;0,633333333333333;0,633333333333333;;;;;18:20:00;30;43746;0.763888888888888;192;0;;;
2019-10-07 19:46:14;2019-10-07 19:46:14;43745;12/30/99 07:46 PM;211;0,666666666666667;0,666666666666667;;;;;18:30:00;30;43746;0.770833333333333;192;0;;;
2019-10-07 20:15:43;2019-10-07 20:15:43;43745;12/30/99 08:15 PM;212;0,7;0,7;;;;;18:40:00;30;43746;0.777777777777777;192;0;;;
2019-10-07 20:01:28;2019-10-07 20:01:28;43745;12/30/99 08:01 PM;213;0,733333333333333;0,733333333333333;;;;;18:50:00;30;43746;0.784722222222222;192;0;;;
2019-10-07 20:17:08;2019-10-07 20:17:08;43745;12/30/99 08:17 PM;214;0,766666666666667;0,766666666666667;;;;;19:00:00;30;43746;0.791666666666666;192;0;;;
2019-10-07 20:30:36;2019-10-07 20:30:36;43745;12/30/99 08:30 PM;215;0,8;0,8;;;;;19:10:00;30;43746;0.79861111111111;192;0;;;
2019-10-07 20:04:03;2019-10-07 20:04:03;43745;12/30/99 08:04 PM;216;0,833333333333333;0,833333333333333;;;;;19:20:00;30;43746;0.805555555555555;192;0;;;
2019-10-07 19:50:18;2019-10-07 19:50:18;43745;12/30/99 07:50 PM;217;0,866666666666667;0,866666666666667;;;;;19:30:00;30;43746;0.812499999999999;192;0;;;
2019-10-07 20:18:28;2019-10-07 20:18:28;43745;12/30/99 08:18 PM;218;0,9;0,9;;;;;19:40:00;30;43746;0.819444444444444;192;1;;;
2019-10-07 19:54:23;43745.829434346;43745;0.829434346036578;219;0,933333333333333;0,933333333333333;;;;;19:50:00;30;43746;0.826388888888888;192;1;;;
2019-10-07 20:09:16;43745.8397740222;43745;0.839774022198981;220;0,966666666666666;0,966666666666666;;;;;20:00:00;30;43746;0.833333333333333;192;1;;;
2019-10-08 20:08:37;43746.8393176975;43746;0.839317697529623;191;1;1;;;;;20:10:00;30;43746;0.840277777777777;192;1;;;
2019-10-08 19:37:47;2019-10-08 19:37:47;43746;12/30/99 07:37 PM;192;1,03333333333333;1,03333333333333;;;;;20:20:00;30;43746;0.847222222222221;192;1;;;
2019-10-08 20:02:20;43746.8349527334;43746;0.834952733370301;193;1,06666666666667;1,06666666666667;;;;;20:30:00;30;43746;0.854166666666666;192;1;;;
2019-10-08 19:24:55;43746.8089736114;43746;0.808973611405236;194;1,1;1,1;;;;;20:40:00;30;43746;0.86111111111111;192;1;;;
2019-10-08 19:47:22;43746.8245546376;43746;0.824554637612891;195;1,13333333333333;1,13333333333333;;;;;20:50:00;30;43746;0.868055555555555;192;1;;;
2019-10-08 20:20:19;43746.8474424331;43746;0.847442433063407;196;1,16666666666667;1,16666666666667;;;;;21:00:00;30;43746;0.874999999999999;192;1;;;
2019-10-08 20:11:00;43746.8409734075;43746;0.840973407495767;197;1,2;1,2;;;;;18:10:00;60;43747;0.756944444444444;192;0;;;
2019-10-08 20:34:54;43746.8575726185;43746;0.857572618529957;198;1,23333333333333;1,23333333333333;;;;;18:20:00;60;43747;0.763888888888888;192;0;;;
2019-10-08 20:17:08;43746.8452264296;43746;0.845226429599279;199;1,26666666666667;1,26666666666667;;;;;18:30:00;60;43747;0.770833333333332;192;0;;;
2019-10-08 20:30:29;43746.8544979242;43746;0.854497924199677;200;1,3;1,3;;;;;18:40:00;60;43747;0.777777777777777;192;0;;;
2019-10-08 19:38:32;43746.8184274667;43746;0.818427466685534;201;1,33333333333333;1,33333333333333;;;;;18:50:00;60;43747;0.784722222222221;192;0;;;
2019-10-08 20:19:46;2019-10-08 20:19:46;43746;12/30/99 08:19 PM;202;1,36666666666667;1,36666666666667;;;;;19:00:00;60;43747;0.791666666666666;192;0;;;
2019-10-08 20:01:08;43746.8341175482;43746;0.834117548154609;203;1,4;1,4;;;;;19:10:00;60;43747;0.79861111111111;192;0;;;
2019-10-08 19:55:53;43746.8304780302;43746;0.830478030169616;204;1,43333333333333;1,43333333333333;;;;;19:20:00;60;43747;0.805555555555555;192;0;;;
2019-10-08 20:13:02;43746.8423793288;43746;0.842379328845709;205;1,46666666666667;1,46666666666667;;;;;19:30:00;60;43747;0.812499999999999;192;0;;;
2019-10-08 19:43:32;43746.8219005329;43746;0.821900532922882;206;1,5;1,5;;;;;19:40:00;60;43747;0.819444444444443;192;0;;;
2019-10-08 19:55:11;43746.8299842264;43746;0.829984226424131;207;1,53333333333333;1,53333333333333;;;;;19:50:00;60;43747;0.826388888888888;192;0;;;
2019-10-08 19:48:32;43746.8253740998;43746;0.825374099767942;208;1,56666666666667;1,56666666666667;;;;;20:00:00;60;43747;0.833333333333332;192;0;;;
2019-10-08 20:05:01;43746.8368165983;43746;0.83681659832655;209;1,6;1,6;;;;;20:10:00;60;43747;0.840277777777776;192;1;;;
2019-10-08 19:38:34;43746.8184488742;43746;0.81844887421903;210;1,63333333333334;1,63333333333334;;;;;20:20:00;60;43747;0.847222222222221;192;1;;;
2019-10-08 20:02:10;43746.8348348113;43746;0.834834811299515;211;1,66666666666667;1,66666666666667;;;;;20:30:00;60;43747;0.854166666666665;192;1;;;
2019-10-08 20:07:20;43746.8384220591;43746;0.838422059139703;212;1,7;1,7;;;;;20:40:00;60;43747;0.86111111111111;192;1;;;
2019-10-08 20:41:43;43746.8623053629;43746;0.86230536284711;213;1,73333333333334;1,73333333333334;;;;;20:50:00;60;43747;0.868055555555554;192;1;;;
2019-10-08 19:49:34;43746.8260921568;43746;0.826092156828963;214;1,76666666666667;1,76666666666667;;;;;21:00:00;60;43747;0.874999999999999;192;1;;;
2019-10-08 19:35:07;43746.8160542696;43746;0.816054269584129;215;1,8;1,8;;;;;18:10:00;90;43748;0.756944444444443;192;0;;;
2019-10-08 19:47:41;43746.8247846581;43746;0.824784658136196;216;1,83333333333334;1,83333333333334;;;;;18:20:00;90;43748;0.763888888888888;192;0;;;
2019-10-08 19:43:05;43746.8215830865;43746;0.821583086522878;217;1,86666666666667;1,86666666666667;;;;;18:30:00;90;43748;0.770833333333332;192;0;;;
2019-10-08 19:43:23;43746.8217929846;43746;0.821792984555941;218;1,9;1,9;;;;;18:40:00;90;43748;0.777777777777776;192;0;;;
2019-10-08 19:48:35;43746.8254020703;43746;0.825402070317068;219;1,93333333333334;1,93333333333334;;;;;18:50:00;90;43748;0.784722222222221;192;0;;;
2019-10-08 20:14:26;43746.8433594943;43746;0.843359494341712;220;1,96666666666667;1,96666666666667;;;;;19:00:00;90;43748;0.791666666666665;192;0;;;
2019-10-09 20:03:52;43747.8360141464;43747;0.836014146392699;191;2;2;;;;;19:10:00;90;43748;0.79861111111111;192;0;;;
2019-10-09 20:04:18;2019-10-09 20:04:18;43747;12/30/99 08:04 PM;192;2,03333333333334;2,03333333333334;;;;;19:20:00;90;43748;0.805555555555554;192;0;;;
2019-10-09 19:44:35;43747.8226291034;43747;0.822629103386134;193;2,06666666666667;2,06666666666667;;;;;19:30:00;90;43748;0.812499999999998;192;0;;;
2019-10-09 19:56:53;43747.8311639335;43747;0.831163933529751;194;2,1;2,1;;;;;19:40:00;90;43748;0.819444444444443;192;0;;;
2019-10-09 20:32:31;43747.8559157026;43747;0.855915702610218;195;2,13333333333334;2,13333333333334;;;;;19:50:00;90;43748;0.826388888888887;192;0;;;
2019-10-09 19:56:34;43747.8309466444;43747;0.830946644397045;196;2,16666666666667;2,16666666666667;;;;;20:00:00;90;43748;0.833333333333332;192;0;;;
2019-10-09 19:40:43;43747.8199437474;43747;0.819943747388606;197;2,2;2,2;;;;;20:10:00;90;43748;0.840277777777776;192;0;;;
2019-10-09 19:59:58;43747.8333056407;43747;0.833305640670005;198;2,23333333333334;2,23333333333334;;;;;20:20:00;90;43748;0.847222222222221;192;0;;;
2019-10-09 20:00:57;43747.8339918962;43747;0.833991896215593;199;2,26666666666667;2,26666666666667;;;;;20:30:00;90;43748;0.854166666666665;192;1;;;
2019-10-09 19:55:44;43747.8303743566;43747;0.830374356584798;200;2,3;2,3;;;;;20:40:00;90;43748;0.861111111111109;192;1;;;
2019-10-09 20:04:19;43747.8363350211;43747;0.83633502110024;201;2,33333333333333;2,33333333333333;;;;;20:50:00;90;43748;0.868055555555554;192;1;;;
2019-10-09 20:34:26;43747.8572426138;43747;0.857242613798007;202;2,36666666666667;2,36666666666667;;;;;21:00:00;90;43748;0.874999999999998;192;1;;;
2019-10-09 20:04:13;43747.836262647;43747;0.836262647004332;203;2,4;2,4;;;;;18:10:00;120;43749;0.756944444444443;192;0;;;
2019-10-09 20:04:01;43747.8361179592;43747;0.836117959217518;204;2,43333333333333;2,43333333333333;;;;;18:20:00;120;43749;0.763888888888887;192;0;;;
2019-10-09 19:48:41;43747.8254704247;43747;0.825470424715604;205;2,46666666666667;2,46666666666667;;;;;18:30:00;120;43749;0.770833333333331;192;0;;;
2019-10-09 20:32:43;43747.8560510667;43747;0.856051066723012;206;2,5;2,5;;;;;18:40:00;120;43749;0.777777777777776;192;0;;;
2019-10-09 19:50:22;43747.8266395106;43747;0.826639510552923;207;2,53333333333333;2,53333333333333;;;;;18:50:00;120;43749;0.78472222222222;192;0;;;
2019-10-09 19:54:45;43747.8296848313;43747;0.829684831303894;208;2,56666666666667;2,56666666666667;;;;;19:00:00;120;43749;0.791666666666665;192;0;;;
2019-10-09 20:29:29;43747.8538108189;43747;0.853810818873171;209;2,6;2,6;;;;;19:10:00;120;43749;0.798611111111109;192;0;;;
2019-10-09 20:07:29;2019-10-09 20:07:29;43747;12/30/99 08:07 PM;210;2,63333333333333;2,63333333333333;;;;;19:20:00;120;43749;0.805555555555554;192;0;;;
2019-10-09 20:01:42;2019-10-09 20:01:42;43747;12/30/99 08:01 PM;211;2,66666666666667;2,66666666666667;;;;;19:30:00;120;43749;0.812499999999998;192;0;;;
2019-10-09 20:02:31;2019-10-09 20:02:31;43747;12/30/99 08:02 PM;212;2,7;2,7;;;;;19:40:00;120;43749;0.819444444444442;192;0;;;
2019-10-09 20:08:59;2019-10-09 20:08:59;43747;12/30/99 08:08 PM;213;2,73333333333333;2,73333333333333;;;;;19:50:00;120;43749;0.826388888888887;192;1;;;
2019-10-09 19:52:29;2019-10-09 19:52:29;43747;12/30/99 07:52 PM;214;2,76666666666667;2,76666666666667;;;;;20:00:00;120;43749;0.833333333333331;192;1;;;
2019-10-09 19:39:13;2019-10-09 19:39:13;43747;12/30/99 07:39 PM;215;2,8;2,8;;;;;20:10:00;120;43749;0.840277777777776;192;1;;;
2019-10-09 19:49:10;2019-10-09 19:49:10;43747;12/30/99 07:49 PM;216;2,83333333333333;2,83333333333333;;;;;20:20:00;120;43749;0.84722222222222;192;1;;;
2019-10-09 20:04:30;2019-10-09 20:04:30;43747;12/30/99 08:04 PM;217;2,86666666666667;2,86666666666667;;;;;20:30:00;120;43749;0.854166666666665;192;1;;;
2019-10-09 20:17:39;2019-10-09 20:17:39;43747;12/30/99 08:17 PM;218;2,9;2,9;;;;;20:40:00;120;43749;0.861111111111109;192;1;;;
2019-10-09 20:11:45;2019-10-09 20:11:45;43747;12/30/99 08:11 PM;219;2,93333333333333;2,93333333333333;;;;;20:50:00;120;43749;0.868055555555553;192;1;;;
2019-10-09 19:56:05;2019-10-09 19:56:05;43747;12/30/99 07:56 PM;220;2,96666666666667;2,96666666666667;;;;;21:00:00;120;43749;0.874999999999998;192;1;;;
2019-10-10 20:13:57;2019-10-10 20:13:57;43748;12/30/99 08:13 PM;191;3;3;;;;;18:10:00;150;43750;0.756944444444442;192;0;;;
2019-10-10 20:22:44;2019-10-10 20:22:44;43748;12/30/99 08:22 PM;192;3,03333333333333;3,03333333333333;;;;;18:20:00;150;43750;0.763888888888887;192;0;;;
2019-10-10 19:44:26;2019-10-10 19:44:26;43748;12/30/99 07:44 PM;193;3,06666666666667;3,06666666666667;;;;;18:30:00;150;43750;0.770833333333331;192;0;;;
2019-10-10 19:53:07;2019-10-10 19:53:07;43748;12/30/99 07:53 PM;194;3,1;3,1;;;;;18:40:00;150;43750;0.777777777777775;192;0;;;
2019-10-10 19:46:08;2019-10-10 19:46:08;43748;12/30/99 07:46 PM;195;3,13333333333333;3,13333333333333;;;;;18:50:00;150;43750;0.78472222222222;192;0;;;
2019-10-10 19:58:58;2019-10-10 19:58:58;43748;12/30/99 07:58 PM;196;3,16666666666667;3,16666666666667;;;;;19:00:00;150;43750;0.791666666666664;192;0;;;
2019-10-10 19:57:27;2019-10-10 19:57:27;43748;12/30/99 07:57 PM;197;3,2;3,2;;;;;19:10:00;150;43750;0.798611111111109;192;0;;;
2019-10-10 19:43:03;2019-10-10 19:43:03;43748;12/30/99 07:43 PM;198;3,23333333333333;3,23333333333333;;;;;19:20:00;150;43750;0.805555555555553;192;0;;;
2019-10-10 19:50:27;2019-10-10 19:50:27;43748;12/30/99 07:50 PM;199;3,26666666666666;3,26666666666666;;;;;19:30:00;150;43750;0.812499999999998;192;0;;;
2019-10-10 20:03:28;2019-10-10 20:03:28;43748;12/30/99 08:03 PM;200;3,3;3,3;;;;;19:40:00;150;43750;0.819444444444442;192;0;;;
2019-10-10 19:50:54;2019-10-10 19:50:54;43748;12/30/99 07:50 PM;201;3,33333333333333;3,33333333333333;;;;;19:50:00;150;43750;0.826388888888886;192;0;;;
2019-10-10 20:00:16;2019-10-10 20:00:16;43748;12/30/99 08:00 PM;202;3,36666666666666;3,36666666666666;;;;;20:00:00;150;43750;0.833333333333331;192;0;;;
2019-10-10 19:44:43;2019-10-10 19:44:43;43748;12/30/99 07:44 PM;203;3,4;3,4;;;;;20:10:00;150;43750;0.840277777777775;192;0;;;
2019-10-10 20:01:11;2019-10-10 20:01:11;43748;12/30/99 08:01 PM;204;3,43333333333333;3,43333333333333;;;;;20:20:00;150;43750;0.84722222222222;192;1;;;
2019-10-10 20:48:40;2019-10-10 20:48:40;43748;12/30/99 08:48 PM;205;3,46666666666666;3,46666666666666;;;;;20:30:00;150;43750;0.854166666666664;192;1;;;
2019-10-10 19:50:33;2019-10-10 19:50:33;43748;12/30/99 07:50 PM;206;3,5;3,5;;;;;20:40:00;150;43750;0.861111111111108;192;1;;;
2019-10-10 19:55:28;2019-10-10 19:55:28;43748;12/30/99 07:55 PM;207;3,53333333333333;3,53333333333333;;;;;20:50:00;150;43750;0.868055555555553;192;1;;;
2019-10-10 20:22:16;2019-10-10 20:22:16;43748;12/30/99 08:22 PM;208;3,56666666666666;3,56666666666666;;;;;21:00:00;150;43750;0.874999999999997;192;1;;;
2019-10-10 20:18:06;2019-10-10 20:18:06;43748;12/30/99 08:18 PM;209;3,6;3,6;;;;;18:10:00;180;43751;0.756944444444442;192;0;;;
2019-10-10 19:51:47;2019-10-10 19:51:47;43748;12/30/99 07:51 PM;210;3,63333333333333;3,63333333333333;;;;;18:20:00;180;43751;0.763888888888886;192;0;;;
2019-10-10 20:08:45;2019-10-10 20:08:45;43748;12/30/99 08:08 PM;211;3,66666666666666;3,66666666666666;;;;;18:30:00;180;43751;0.770833333333331;192;0;;;
2019-10-10 20:17:10;2019-10-10 20:17:10;43748;12/30/99 08:17 PM;212;3,7;3,7;;;;;18:40:00;180;43751;0.777777777777775;192;0;;;
2019-10-10 19:56:36;2019-10-10 19:56:36;43748;12/30/99 07:56 PM;213;3,73333333333333;3,73333333333333;;;;;18:50:00;180;43751;0.784722222222219;192;0;;;
2019-10-10 20:23:25;2019-10-10 20:23:25;43748;12/30/99 08:23 PM;214;3,76666666666666;3,76666666666666;;;;;19:00:00;180;43751;0.791666666666664;192;0;;;
2019-10-10 20:04:39;2019-10-10 20:04:39;43748;12/30/99 08:04 PM;215;3,8;3,8;;;;;19:10:00;180;43751;0.798611111111108;192;0;;;
2019-10-10 19:57:46;2019-10-10 19:57:46;43748;12/30/99 07:57 PM;216;3,83333333333333;3,83333333333333;;;;;19:20:00;180;43751;0.805555555555553;192;0;;;
2019-10-10 20:00:10;2019-10-10 20:00:10;43748;12/30/99 08:00 PM;217;3,86666666666666;3,86666666666666;;;;;19:30:00;180;43751;0.812499999999997;192;0;;;
2019-10-10 20:23:00;2019-10-10 20:23:00;43748;12/30/99 08:23 PM;218;3,9;3,9;;;;;19:40:00;180;43751;0.819444444444441;192;0;;;
2019-10-10 20:11:06;2019-10-10 20:11:06;43748;12/30/99 08:11 PM;219;3,93333333333333;3,93333333333333;;;;;19:50:00;180;43751;0.826388888888886;192;0;;;
2019-10-10 19:44:14;2019-10-10 19:44:14;43748;12/30/99 07:44 PM;220;3,96666666666666;3,96666666666666;;;;;20:00:00;180;43751;0.83333333333333;192;1;;;
2019-10-11 19:56:52;2019-10-11 19:56:52;43749;12/30/99 07:56 PM;191;4;4;;;;;20:10:00;180;43751;0.840277777777775;192;1;;;
2019-10-11 19:46:49;2019-10-11 19:46:49;43749;12/30/99 07:46 PM;192;4,03333333333333;4,03333333333333;;;;;20:20:00;180;43751;0.847222222222219;192;1;;;
2019-10-11 19:51:37;2019-10-11 19:51:37;43749;12/30/99 07:51 PM;193;4,06666666666666;4,06666666666666;;;;;20:30:00;180;43751;0.854166666666664;192;1;;;
2019-10-11 19:57:47;2019-10-11 19:57:47;43749;12/30/99 07:57 PM;194;4,1;4,1;;;;;20:40:00;180;43751;0.861111111111108;192;1;;;
2019-10-11 19:54:08;2019-10-11 19:54:08;43749;12/30/99 07:54 PM;195;4,13333333333333;4,13333333333333;;;;;20:50:00;180;43751;0.868055555555552;192;1;;;
2019-10-11 19:41:43;2019-10-11 19:41:43;43749;12/30/99 07:41 PM;196;4,16666666666666;4,16666666666666;;;;;21:00:00;180;43751;0.874999999999997;192;1;;;
2019-10-11 20:00:29;2019-10-11 20:00:29;43749;12/30/99 08:00 PM;197;4,2;4,2;;;;;18:10:00;210;43752;0.756944444444441;192;0;;;
2019-10-11 19:58:10;2019-10-11 19:58:10;43749;12/30/99 07:58 PM;198;4,23333333333333;4,23333333333333;;;;;18:20:00;210;43752;0.763888888888886;192;0;;;
2019-10-11 20:13:56;2019-10-11 20:13:56;43749;12/30/99 08:13 PM;199;4,26666666666666;4,26666666666666;;;;;18:30:00;210;43752;0.77083333333333;192;0;;;
2019-10-11 19:54:50;2019-10-11 19:54:50;43749;12/30/99 07:54 PM;200;4,29999999999999;4,29999999999999;;;;;18:40:00;210;43752;0.777777777777775;192;0;;;
2019-10-11 20:00:30;2019-10-11 20:00:30;43749;12/30/99 08:00 PM;201;4,33333333333333;4,33333333333333;;;;;18:50:00;210;43752;0.784722222222219;192;0;;;
2019-10-11 20:23:23;2019-10-11 20:23:23;43749;12/30/99 08:23 PM;202;4,36666666666666;4,36666666666666;;;;;19:00:00;210;43752;0.791666666666663;192;0;;;
2019-10-11 19:51:32;2019-10-11 19:51:32;43749;12/30/99 07:51 PM;203;4,39999999999999;4,39999999999999;;;;;19:10:00;210;43752;0.798611111111108;192;0;;;
2019-10-11 20:06:13;2019-10-11 20:06:13;43749;12/30/99 08:06 PM;204;4,43333333333333;4,43333333333333;;;;;19:20:00;210;43752;0.805555555555552;192;0;;;
2019-10-11 20:03:59;2019-10-11 20:03:59;43749;12/30/99 08:03 PM;205;4,46666666666666;4,46666666666666;;;;;19:30:00;210;43752;0.812499999999997;192;0;;;
2019-10-11 20:01:29;2019-10-11 20:01:29;43749;12/30/99 08:01 PM;206;4,49999999999999;4,49999999999999;;;;;19:40:00;210;43752;0.819444444444441;192;0;;;
2019-10-11 20:11:56;2019-10-11 20:11:56;43749;12/30/99 08:11 PM;207;4,53333333333333;4,53333333333333;;;;;19:50:00;210;43752;0.826388888888885;192;0;;;
2019-10-11 19:55:54;2019-10-11 19:55:54;43749;12/30/99 07:55 PM;208;4,56666666666666;4,56666666666666;;;;;20:00:00;210;43752;0.83333333333333;192;0;;;
2019-10-11 20:00:07;2019-10-11 20:00:07;43749;12/30/99 08:00 PM;209;4,59999999999999;4,59999999999999;;;;;20:10:00;210;43752;0.840277777777774;192;1;;;
2019-10-11 20:15:56;2019-10-11 20:15:56;43749;12/30/99 08:15 PM;210;4,63333333333333;4,63333333333333;;;;;20:20:00;210;43752;0.847222222222219;192;1;;;
2019-10-11 20:11:22;2019-10-11 20:11:22;43749;12/30/99 08:11 PM;211;4,66666666666666;4,66666666666666;;;;;20:30:00;210;43752;0.854166666666663;192;1;;;
2019-10-11 20:04:07;2019-10-11 20:04:07;43749;12/30/99 08:04 PM;212;4,69999999999999;4,69999999999999;;;;;20:40:00;210;43752;0.861111111111108;192;1;;;
2019-10-11 19:48:33;2019-10-11 19:48:33;43749;12/30/99 07:48 PM;213;4,73333333333333;4,73333333333333;;;;;20:50:00;210;43752;0.868055555555552;192;1;;;
2019-10-11 20:20:57;2019-10-11 20:20:57;43749;12/30/99 08:20 PM;214;4,76666666666666;4,76666666666666;;;;;21:00:00;210;43752;0.874999999999996;192;1;;;
2019-10-11 19:47:20;2019-10-11 19:47:20;43749;12/30/99 07:47 PM;215;4,79999999999999;4,79999999999999;;;;;18:10:00;240;43753;0.756944444444441;192;0;;;
2019-10-11 20:10:59;2019-10-11 20:10:59;43749;12/30/99 08:10 PM;216;4,83333333333333;4,83333333333333;;;;;18:20:00;240;43753;0.763888888888885;192;0;;;
2019-10-11 20:03:03;2019-10-11 20:03:03;43749;12/30/99 08:03 PM;217;4,86666666666666;4,86666666666666;;;;;18:30:00;240;43753;0.77083333333333;192;0;;;
2019-10-11 20:01:39;2019-10-11 20:01:39;43749;12/30/99 08:01 PM;218;4,89999999999999;4,89999999999999;;;;;18:40:00;240;43753;0.777777777777774;192;0;;;
2019-10-11 19:56:01;2019-10-11 19:56:01;43749;12/30/99 07:56 PM;219;4,93333333333333;4,93333333333333;;;;;18:50:00;240;43753;0.784722222222219;192;0;;;
2019-10-11 20:03:14;2019-10-11 20:03:14;43749;12/30/99 08:03 PM;220;4,96666666666666;4,96666666666666;;;;;19:00:00;240;43753;0.791666666666663;192;0;;;
2019-10-11 19:49:41;2019-10-11 19:49:41;43749;12/30/99 07:49 PM;191;4,99999999999999;4,99999999999999;;;;;19:10:00;240;43753;0.798611111111107;192;0;;;
2019-10-12 20:12:27;2019-10-12 20:12:27;43750;12/30/99 08:12 PM;192;0,033333333333325;5,03333333333333;;;;;19:20:00;240;43753;0.805555555555552;192;0;;;
2019-10-12 20:14:56;2019-10-12 20:14:56;43750;12/30/99 08:14 PM;193;0,066666666666659;5,06666666666666;;;;;19:30:00;240;43753;0.812499999999996;192;0;;;
2019-10-12 19:48:55;2019-10-12 19:48:55;43750;12/30/99 07:48 PM;194;0,099999999999992;5,09999999999999;;;;;19:40:00;240;43753;0.819444444444441;192;0;;;
2019-10-12 19:42:35;2019-10-12 19:42:35;43750;12/30/99 07:42 PM;195;0,133333333333325;5,13333333333333;;;;;19:50:00;240;43753;0.826388888888885;192;0;;;
2019-10-12 20:16:58;2019-10-12 20:16:58;43750;12/30/99 08:16 PM;196;0,166666666666659;5,16666666666666;;;;;20:00:00;240;43753;0.83333333333333;192;1;;;
2019-10-12 20:00:12;2019-10-12 20:00:12;43750;12/30/99 08:00 PM;197;0,199999999999992;5,19999999999999;;;;;20:10:00;240;43753;0.840277777777774;192;1;;;
2019-10-12 20:09:27;2019-10-12 20:09:27;43750;12/30/99 08:09 PM;198;0,233333333333325;5,23333333333332;;;;;20:20:00;240;43753;0.847222222222218;192;1;;;
2019-10-12 19:58:42;2019-10-12 19:58:42;43750;12/30/99 07:58 PM;199;0,266666666666658;5,26666666666666;;;;;20:30:00;240;43753;0.854166666666663;192;1;;;
2019-10-12 19:45:04;2019-10-12 19:45:04;43750;12/30/99 07:45 PM;200;0,299999999999992;5,29999999999999;;;;;20:40:00;240;43753;0.861111111111107;192;1;;;
2019-10-12 20:06:19;2019-10-12 20:06:19;43750;12/30/99 08:06 PM;201;0,333333333333325;5,33333333333332;;;;;20:50:00;240;43753;0.868055555555551;192;1;;;
2019-10-12 20:25:05;2019-10-12 20:25:05;43750;12/30/99 08:25 PM;202;0,366666666666658;5,36666666666666;;;;;21:00:00;240;43753;0.874999999999996;192;1;;;
2019-10-12 20:09:52;2019-10-12 20:09:52;43750;12/30/99 08:09 PM;203;0,399999999999992;5,39999999999999;;;;;18:10:00;270;43754;0.75694444444444;192;0;;;
2019-10-12 20:05:37;2019-10-12 20:05:37;43750;12/30/99 08:05 PM;204;0,433333333333325;5,43333333333332;;;;;18:20:00;270;43754;0.763888888888885;192;0;;;
2019-10-12 19:43:47;2019-10-12 19:43:47;43750;12/30/99 07:43 PM;205;0,466666666666658;5,46666666666666;;;;;18:30:00;270;43754;0.770833333333329;192;0;;;
2019-10-12 20:04:45;2019-10-12 20:04:45;43750;12/30/99 08:04 PM;206;0,499999999999992;5,49999999999999;;;;;18:40:00;270;43754;0.777777777777774;192;0;;;
2019-10-12 20:01:47;2019-10-12 20:01:47;43750;12/30/99 08:01 PM;207;0,533333333333325;5,53333333333332;;;;;18:50:00;270;43754;0.784722222222218;192;0;;;
2019-10-12 20:07:23;2019-10-12 20:07:23;43750;12/30/99 08:07 PM;208;0,566666666666658;5,56666666666666;;;;;19:00:00;270;43754;0.791666666666663;192;0;;;
2019-10-12 20:04:24;2019-10-12 20:04:24;43750;12/30/99 08:04 PM;209;0,599999999999992;5,59999999999999;;;;;19:10:00;270;43754;0.798611111111107;192;0;;;
2019-10-12 19:27:40;2019-10-12 19:27:40;43750;12/30/99 07:27 PM;210;0,633333333333325;5,63333333333332;;;;;19:20:00;270;43754;0.805555555555551;192;0;;;
2019-10-12 20:03:49;2019-10-12 20:03:49;43750;12/30/99 08:03 PM;211;0,666666666666658;5,66666666666666;;;;;19:30:00;270;43754;0.812499999999996;192;0;;;
2019-10-12 20:03:03;2019-10-12 20:03:03;43750;12/30/99 08:03 PM;212;0,699999999999992;5,69999999999999;;;;;19:40:00;270;43754;0.81944444444444;192;0;;;
2019-10-12 19:37:47;2019-10-12 19:37:47;43750;12/30/99 07:37 PM;213;0,733333333333325;5,73333333333332;;;;;19:50:00;270;43754;0.826388888888885;192;0;;;
2019-10-12 19:30:50;2019-10-12 19:30:50;43750;12/30/99 07:30 PM;214;0,766666666666658;5,76666666666666;;;;;20:00:00;270;43754;0.833333333333329;192;0;;;
2019-10-12 20:06:57;2019-10-12 20:06:57;43750;12/30/99 08:06 PM;215;0,799999999999992;5,79999999999999;;;;;20:10:00;270;43754;0.840277777777773;192;1;;;
2019-10-12 19:52:24;2019-10-12 19:52:24;43750;12/30/99 07:52 PM;216;0,833333333333325;5,83333333333332;;;;;20:20:00;270;43754;0.847222222222218;192;1;;;
2019-10-12 20:26:07;2019-10-12 20:26:07;43750;12/30/99 08:26 PM;217;0,866666666666658;5,86666666666666;;;;;20:30:00;270;43754;0.854166666666662;192;1;;;
2019-10-12 19:35:53;2019-10-12 19:35:53;43750;12/30/99 07:35 PM;218;0,899999999999992;5,89999999999999;;;;;20:40:00;270;43754;0.861111111111107;192;1;;;
2019-10-12 20:01:38;2019-10-12 20:01:38;43750;12/30/99 08:01 PM;219;0,933333333333325;5,93333333333332;;;;;20:50:00;270;43754;0.868055555555551;192;1;;;
2019-10-12 19:50:50;2019-10-12 19:50:50;43750;12/30/99 07:50 PM;220;0,966666666666658;5,96666666666666;;;;;21:00:00;270;43754;0.874999999999996;192;1;;;
2019-10-12 19:54:30;2019-10-12 19:54:30;43750;12/30/99 07:54 PM;191;0,999999999999992;5,99999999999999;;;;;18:10:00;300;43755;0.75694444444444;192;0;;;
2019-10-13 19:59:44;2019-10-13 19:59:44;43751;12/30/99 07:59 PM;192;1,03333333333333;6,03333333333332;;;;;18:20:00;300;43755;0.763888888888884;192;0;;;
2019-10-13 19:47:21;2019-10-13 19:47:21;43751;12/30/99 07:47 PM;193;1,06666666666666;6,06666666666666;;;;;18:30:00;300;43755;0.770833333333329;192;0;;;
2019-10-13 19:52:38;2019-10-13 19:52:38;43751;12/30/99 07:52 PM;194;1,09999999999999;6,09999999999999;;;;;18:40:00;300;43755;0.777777777777773;192;0;;;
2019-10-13 20:03:30;2019-10-13 20:03:30;43751;12/30/99 08:03 PM;195;1,13333333333333;6,13333333333332;;;;;18:50:00;300;43755;0.784722222222218;192;0;;;
2019-10-13 19:54:46;2019-10-13 19:54:46;43751;12/30/99 07:54 PM;196;1,16666666666666;6,16666666666665;;;;;19:00:00;300;43755;0.791666666666662;192;0;;;
2019-10-13 19:56:11;2019-10-13 19:56:11;43751;12/30/99 07:56 PM;197;1,19999999999999;6,19999999999999;;;;;19:10:00;300;43755;0.798611111111106;192;0;;;
2019-10-13 19:55:00;2019-10-13 19:55:00;43751;12/30/99 07:55 PM;198;1,23333333333333;6,23333333333332;;;;;19:20:00;300;43755;0.805555555555551;192;0;;;
2019-10-13 20:26:52;2019-10-13 20:26:52;43751;12/30/99 08:26 PM;199;1,26666666666666;6,26666666666665;;;;;19:30:00;300;43755;0.812499999999995;192;0;;;
2019-10-13 19:53:04;2019-10-13 19:53:04;43751;12/30/99 07:53 PM;200;1,29999999999999;6,29999999999999;;;;;19:40:00;300;43755;0.81944444444444;192;0;;;
2019-10-13 19:51:51;2019-10-13 19:51:51;43751;12/30/99 07:51 PM;201;1,33333333333333;6,33333333333332;;;;;19:50:00;300;43755;0.826388888888884;192;0;;;
2019-10-13 19:29:02;2019-10-13 19:29:02;43751;12/30/99 07:29 PM;202;1,36666666666666;6,36666666666665;;;;;20:00:00;300;43755;0.833333333333329;192;0;;;
2019-10-13 20:32:44;2019-10-13 20:32:44;43751;12/30/99 08:32 PM;203;1,39999999999999;6,39999999999999;;;;;20:10:00;300;43755;0.840277777777773;192;1;;;
2019-10-13 20:07:51;2019-10-13 20:07:51;43751;12/30/99 08:07 PM;204;1,43333333333333;6,43333333333332;;;;;20:20:00;300;43755;0.847222222222217;192;1;;;
2019-10-13 19:57:40;2019-10-13 19:57:40;43751;12/30/99 07:57 PM;205;1,46666666666666;6,46666666666665;;;;;20:30:00;300;43755;0.854166666666662;192;1;;;
2019-10-13 19:52:52;2019-10-13 19:52:52;43751;12/30/99 07:52 PM;206;1,49999999999999;6,49999999999999;;;;;20:40:00;300;43755;0.861111111111106;192;1;;;
2019-10-13 19:23:05;2019-10-13 19:23:05;43751;12/30/99 07:23 PM;207;1,53333333333333;6,53333333333332;;;;;20:50:00;300;43755;0.868055555555551;192;1;;;
2019-10-13 19:59:01;2019-10-13 19:59:01;43751;12/30/99 07:59 PM;208;1,56666666666666;6,56666666666665;;;;;21:00:00;300;43755;0.874999999999995;192;1;;;
2019-10-13 20:19:31;2019-10-13 20:19:31;43751;12/30/99 08:19 PM;209;1,59999999999999;6,59999999999999;;;;;18:10:00;330;43756;0.75694444444444;192;0;;;
2019-10-13 19:46:02;2019-10-13 19:46:02;43751;12/30/99 07:46 PM;210;1,63333333333333;6,63333333333332;;;;;18:20:00;330;43756;0.763888888888884;192;0;;;
2019-10-13 19:55:34;2019-10-13 19:55:34;43751;12/30/99 07:55 PM;211;1,66666666666666;6,66666666666665;;;;;18:30:00;330;43756;0.770833333333328;192;0;;;
2019-10-13 19:53:50;2019-10-13 19:53:50;43751;12/30/99 07:53 PM;212;1,69999999999999;6,69999999999999;;;;;18:40:00;330;43756;0.777777777777773;192;0;;;
2019-10-13 20:11:01;2019-10-13 20:11:01;43751;12/30/99 08:11 PM;213;1,73333333333333;6,73333333333332;;;;;18:50:00;330;43756;0.784722222222217;192;0;;;
2019-10-13 20:02:09;2019-10-13 20:02:09;43751;12/30/99 08:02 PM;214;1,76666666666666;6,76666666666665;;;;;19:00:00;330;43756;0.791666666666662;192;0;;;
2019-10-13 20:22:09;2019-10-13 20:22:09;43751;12/30/99 08:22 PM;215;1,79999999999999;6,79999999999999;;;;;19:10:00;330;43756;0.798611111111106;192;0;;;
2019-10-13 20:32:23;2019-10-13 20:32:23;43751;12/30/99 08:32 PM;216;1,83333333333333;6,83333333333332;;;;;19:20:00;330;43756;0.80555555555555;192;0;;;
2019-10-13 19:59:15;2019-10-13 19:59:15;43751;12/30/99 07:59 PM;217;1,86666666666666;6,86666666666665;;;;;19:30:00;330;43756;0.812499999999995;192;0;;;
2019-10-13 20:07:59;2019-10-13 20:07:59;43751;12/30/99 08:07 PM;218;1,89999999999999;6,89999999999999;;;;;19:40:00;330;43756;0.819444444444439;192;0;;;
2019-10-13 20:00:10;2019-10-13 20:00:10;43751;12/30/99 08:00 PM;219;1,93333333333333;6,93333333333332;;;;;19:50:00;330;43756;0.826388888888884;192;0;;;
2019-10-13 19:45:09;2019-10-13 19:45:09;43751;12/30/99 07:45 PM;220;1,96666666666666;6,96666666666665;;;;;20:00:00;330;43756;0.833333333333328;192;1;;;
2019-10-13 19:42:29;2019-10-13 19:42:29;43751;12/30/99 07:42 PM;191;2;6,99999999999999;;;;;20:10:00;330;43756;0.840277777777773;192;1;;;
2019-10-14 20:04:19;2019-10-14 20:04:19;43752;12/30/99 08:04 PM;192;2,03333333333333;7,03333333333332;;;;;20:20:00;330;43756;0.847222222222217;192;1;;;
2019-10-14 19:45:26;2019-10-14 19:45:26;43752;12/30/99 07:45 PM;193;2,06666666666666;7,06666666666665;;;;;20:30:00;330;43756;0.854166666666661;192;1;;;
2019-10-14 20:18:03;2019-10-14 20:18:03;43752;12/30/99 08:18 PM;194;2,09999999999999;7,09999999999998;;;;;20:40:00;330;43756;0.861111111111106;192;1;;;
2019-10-14 19:42:13;2019-10-14 19:42:13;43752;12/30/99 07:42 PM;195;2,13333333333333;7,13333333333332;;;;;20:50:00;330;43756;0.86805555555555;192;1;;;
2019-10-14 20:18:07;2019-10-14 20:18:07;43752;12/30/99 08:18 PM;196;2,16666666666666;7,16666666666665;;;;;21:00:00;330;43756;0.874999999999995;192;1;;;
2019-10-14 19:41:08;2019-10-14 19:41:08;43752;12/30/99 07:41 PM;197;2,19999999999999;7,19999999999998;;;;;18:10:00;360;43757;0.756944444444439;192;0;;;
2019-10-14 20:03:28;2019-10-14 20:03:28;43752;12/30/99 08:03 PM;198;2,23333333333333;7,23333333333332;;;;;18:20:00;360;43757;0.763888888888884;192;0;;;
2019-10-14 20:13:11;2019-10-14 20:13:11;43752;12/30/99 08:13 PM;199;2,26666666666666;7,26666666666665;;;;;18:30:00;360;43757;0.770833333333328;192;0;;;
2019-10-14 20:03:18;2019-10-14 20:03:18;43752;12/30/99 08:03 PM;200;2,29999999999999;7,29999999999998;;;;;18:40:00;360;43757;0.777777777777772;192;0;;;
2019-10-14 20:05:39;2019-10-14 20:05:39;43752;12/30/99 08:05 PM;201;2,33333333333333;7,33333333333332;;;;;18:50:00;360;43757;0.784722222222217;192;0;;;
2019-10-14 20:27:23;2019-10-14 20:27:23;43752;12/30/99 08:27 PM;202;2,36666666666666;7,36666666666665;;;;;19:00:00;360;43757;0.791666666666661;192;0;;;
2019-10-14 19:58:24;2019-10-14 19:58:24;43752;12/30/99 07:58 PM;203;2,39999999999999;7,39999999999998;;;;;19:10:00;360;43757;0.798611111111106;192;0;;;
2019-10-14 19:54:20;2019-10-14 19:54:20;43752;12/30/99 07:54 PM;204;2,43333333333333;7,43333333333332;;;;;19:20:00;360;43757;0.80555555555555;192;0;;;
2019-10-14 20:08:00;2019-10-14 20:08:00;43752;12/30/99 08:08 PM;205;2,46666666666666;7,46666666666665;;;;;19:30:00;360;43757;0.812499999999994;192;0;;;
2019-10-14 19:44:38;2019-10-14 19:44:38;43752;12/30/99 07:44 PM;206;2,49999999999999;7,49999999999998;;;;;19:40:00;360;43757;0.819444444444439;192;0;;;
2019-10-14 19:44:17;2019-10-14 19:44:17;43752;12/30/99 07:44 PM;207;2,53333333333333;7,53333333333332;;;;;19:50:00;360;43757;0.826388888888883;192;0;;;
2019-10-14 19:51:18;2019-10-14 19:51:18;43752;12/30/99 07:51 PM;208;2,56666666666666;7,56666666666665;;;;;20:00:00;360;43757;0.833333333333328;192;0;;;
2019-10-14 19:54:07;2019-10-14 19:54:07;43752;12/30/99 07:54 PM;209;2,59999999999999;7,59999999999998;;;;;20:10:00;360;43757;0.840277777777772;192;1;;;
2019-10-14 20:16:50;2019-10-14 20:16:50;43752;12/30/99 08:16 PM;210;2,63333333333333;7,63333333333332;;;;;20:20:00;360;43757;0.847222222222216;192;1;;;
2019-10-14 19:44:16;2019-10-14 19:44:16;43752;12/30/99 07:44 PM;211;2,66666666666666;7,66666666666665;;;;;20:30:00;360;43757;0.854166666666661;192;1;;;
2019-10-14 19:52:44;2019-10-14 19:52:44;43752;12/30/99 07:52 PM;212;2,69999999999999;7,69999999999998;;;;;20:40:00;360;43757;0.861111111111105;192;1;;;
2019-10-14 19:38:49;2019-10-14 19:38:49;43752;12/30/99 07:38 PM;213;2,73333333333333;7,73333333333332;;;;;20:50:00;360;43757;0.86805555555555;192;1;;;
2019-10-14 20:11:43;2019-10-14 20:11:43;43752;12/30/99 08:11 PM;214;2,76666666666666;7,76666666666665;;;;;21:00:00;360;43757;0.874999999999994;192;1;;;
2019-10-14 19:52:40;2019-10-14 19:52:40;43752;12/30/99 07:52 PM;215;2,79999999999999;7,79999999999998;;;;;18:10:00;390;43758;0.756944444444439;192;0;;;
2019-10-14 19:49:55;2019-10-14 19:49:55;43752;12/30/99 07:49 PM;216;2,83333333333333;7,83333333333332;;;;;18:20:00;390;43758;0.763888888888883;192;0;;;
2019-10-14 19:52:53;2019-10-14 19:52:53;43752;12/30/99 07:52 PM;217;2,86666666666666;7,86666666666665;;;;;18:30:00;390;43758;0.770833333333327;192;0;;;
2019-10-14 20:00:38;2019-10-14 20:00:38;43752;12/30/99 08:00 PM;218;2,89999999999999;7,89999999999998;;;;;18:40:00;390;43758;0.777777777777772;192;0;;;
2019-10-14 20:01:29;2019-10-14 20:01:29;43752;12/30/99 08:01 PM;219;2,93333333333332;7,93333333333332;;;;;18:50:00;390;43758;0.784722222222216;192;0;;;
2019-10-14 19:59:29;2019-10-14 19:59:29;43752;12/30/99 07:59 PM;220;2,96666666666666;7,96666666666665;;;;;19:00:00;390;43758;0.791666666666661;192;0;;;
2019-10-14 20:07:39;2019-10-14 20:07:39;43752;12/30/99 08:07 PM;191;2,99999999999999;7,99999999999998;;;;;19:10:00;390;43758;0.798611111111105;192;0;;;
2019-10-15 19:52:35;2019-10-15 19:52:35;43753;12/30/99 07:52 PM;192;3,03333333333332;8,03333333333332;;;;;19:20:00;390;43758;0.80555555555555;192;0;;;
2019-10-15 19:50:30;2019-10-15 19:50:30;43753;12/30/99 07:50 PM;193;3,06666666666666;8,06666666666665;;;;;19:30:00;390;43758;0.812499999999994;192;0;;;
2019-10-15 20:15:22;2019-10-15 20:15:22;43753;12/30/99 08:15 PM;194;3,09999999999999;8,09999999999998;;;;;19:40:00;390;43758;0.819444444444438;192;0;;;
2019-10-15 20:06:21;2019-10-15 20:06:21;43753;12/30/99 08:06 PM;195;3,13333333333332;8,13333333333332;;;;;19:50:00;390;43758;0.826388888888883;192;0;;;
2019-10-15 19:57:30;2019-10-15 19:57:30;43753;12/30/99 07:57 PM;196;3,16666666666666;8,16666666666665;;;;;20:00:00;390;43758;0.833333333333327;192;0;;;
2019-10-15 20:10:20;2019-10-15 20:10:20;43753;12/30/99 08:10 PM;197;3,19999999999999;8,19999999999998;;;;;20:10:00;390;43758;0.840277777777772;192;1;;;
2019-10-15 19:38:17;2019-10-15 19:38:17;43753;12/30/99 07:38 PM;198;3,23333333333332;8,23333333333332;;;;;20:20:00;390;43758;0.847222222222216;192;1;;;
2019-10-15 20:42:43;2019-10-15 20:42:43;43753;12/30/99 08:42 PM;199;3,26666666666666;8,26666666666665;;;;;20:30:00;390;43758;0.85416666666666;192;1;;;
2019-10-15 19:44:08;2019-10-15 19:44:08;43753;12/30/99 07:44 PM;200;3,29999999999999;8,29999999999998;;;;;20:40:00;390;43758;0.861111111111105;192;1;;;
2019-10-15 20:14:03;2019-10-15 20:14:03;43753;12/30/99 08:14 PM;201;3,33333333333332;8,33333333333331;;;;;20:50:00;390;43758;0.868055555555549;192;1;;;
2019-10-15 20:02:09;2019-10-15 20:02:09;43753;12/30/99 08:02 PM;202;3,36666666666666;8,36666666666665;;;;;21:00:00;390;43758;0.874999999999994;192;1;;;
2019-10-15 19:48:26;2019-10-15 19:48:26;43753;12/30/99 07:48 PM;203;3,39999999999999;8,39999999999998;;;;;18:10:00;420;43759;0.756944444444438;192;0;;;
2019-10-15 20:06:52;2019-10-15 20:06:52;43753;12/30/99 08:06 PM;204;3,43333333333332;8,43333333333331;;;;;18:20:00;420;43759;0.763888888888883;192;0;;;
2019-10-15 20:22:57;2019-10-15 20:22:57;43753;12/30/99 08:22 PM;205;3,46666666666666;8,46666666666665;;;;;18:30:00;420;43759;0.770833333333327;192;0;;;
2019-10-15 19:37:38;2019-10-15 19:37:38;43753;12/30/99 07:37 PM;206;3,49999999999999;8,49999999999998;;;;;18:40:00;420;43759;0.777777777777771;192;0;;;
2019-10-15 19:54:26;2019-10-15 19:54:26;43753;12/30/99 07:54 PM;207;3,53333333333332;8,53333333333331;;;;;18:50:00;420;43759;0.784722222222216;192;0;;;
2019-10-15 19:47:10;2019-10-15 19:47:10;43753;12/30/99 07:47 PM;208;3,56666666666666;8,56666666666665;;;;;19:00:00;420;43759;0.79166666666666;192;0;;;
2019-10-15 19:44:44;2019-10-15 19:44:44;43753;12/30/99 07:44 PM;209;3,59999999999999;8,59999999999998;;;;;19:10:00;420;43759;0.798611111111105;192;0;;;
2019-10-15 20:11:09;2019-10-15 20:11:09;43753;12/30/99 08:11 PM;210;3,63333333333332;8,63333333333331;;;;;19:20:00;420;43759;0.805555555555549;192;0;;;
2019-10-15 20:28:13;2019-10-15 20:28:13;43753;12/30/99 08:28 PM;211;3,66666666666666;8,66666666666665;;;;;19:30:00;420;43759;0.812499999999993;192;0;;;
2019-10-15 19:57:22;2019-10-15 19:57:22;43753;12/30/99 07:57 PM;212;3,69999999999999;8,69999999999998;;;;;19:40:00;420;43759;0.819444444444438;192;1;;;
2019-10-15 20:09:22;2019-10-15 20:09:22;43753;12/30/99 08:09 PM;213;3,73333333333332;8,73333333333331;;;;;19:50:00;420;43759;0.826388888888882;192;1;;;
2019-10-15 20:11:20;2019-10-15 20:11:20;43753;12/30/99 08:11 PM;214;3,76666666666665;8,76666666666665;;;;;20:00:00;420;43759;0.833333333333327;192;1;;;
2019-10-15 20:16:28;2019-10-15 20:16:28;43753;12/30/99 08:16 PM;215;3,79999999999999;8,79999999999998;;;;;20:10:00;420;43759;0.840277777777771;192;1;;;
2019-10-15 19:55:47;2019-10-15 19:55:47;43753;12/30/99 07:55 PM;216;3,83333333333332;8,83333333333331;;;;;20:20:00;420;43759;0.847222222222216;192;1;;;
2019-10-15 19:50:47;2019-10-15 19:50:47;43753;12/30/99 07:50 PM;217;3,86666666666665;8,86666666666665;;;;;20:30:00;420;43759;0.85416666666666;192;1;;;
2019-10-15 19:50:28;2019-10-15 19:50:28;43753;12/30/99 07:50 PM;218;3,89999999999999;8,89999999999998;;;;;20:40:00;420;43759;0.861111111111105;192;1;;;
2019-10-15 20:15:23;2019-10-15 20:15:23;43753;12/30/99 08:15 PM;219;3,93333333333332;8,93333333333331;;;;;20:50:00;420;43759;0.868055555555549;192;1;;;
2019-10-15 20:20:08;2019-10-15 20:20:08;43753;12/30/99 08:20 PM;220;3,96666666666665;8,96666666666665;;;;;21:00:00;420;43759;0.874999999999993;192;1;;;
2019-10-15 20:14:17;2019-10-15 20:14:17;43753;12/30/99 08:14 PM;191;3,99999999999999;8,99999999999998;;;;;18:10:00;450;43760;0.756944444444438;192;0;;;
2019-10-16 20:06:45;2019-10-16 20:06:45;43754;12/30/99 08:06 PM;192;4,03333333333332;9,03333333333331;;;;;18:20:00;450;43760;0.763888888888882;192;0;;;
2019-10-16 19:29:00;2019-10-16 19:29:00;43754;12/30/99 07:29 PM;193;4,06666666666665;9,06666666666665;;;;;18:30:00;450;43760;0.770833333333327;192;0;;;
2019-10-16 19:46:09;2019-10-16 19:46:09;43754;12/30/99 07:46 PM;194;4,09999999999999;9,09999999999998;;;;;18:40:00;450;43760;0.777777777777771;192;0;;;
2019-10-16 20:09:35;2019-10-16 20:09:35;43754;12/30/99 08:09 PM;195;4,13333333333332;9,13333333333331;;;;;18:50:00;450;43760;0.784722222222215;192;0;;;
2019-10-16 20:11:03;2019-10-16 20:11:03;43754;12/30/99 08:11 PM;196;4,16666666666665;9,16666666666665;;;;;19:00:00;450;43760;0.79166666666666;192;0;;;
2019-10-16 19:52:50;2019-10-16 19:52:50;43754;12/30/99 07:52 PM;197;4,19999999999999;9,19999999999998;;;;;19:10:00;450;43760;0.798611111111104;192;0;;;
2019-10-16 20:14:15;2019-10-16 20:14:15;43754;12/30/99 08:14 PM;198;4,23333333333332;9,23333333333331;;;;;19:20:00;450;43760;0.805555555555549;192;0;;;
2019-10-16 20:12:30;2019-10-16 20:12:30;43754;12/30/99 08:12 PM;199;4,26666666666665;9,26666666666664;;;;;19:30:00;450;43760;0.812499999999993;192;0;;;
2019-10-16 20:03:24;2019-10-16 20:03:24;43754;12/30/99 08:03 PM;200;4,29999999999999;9,29999999999998;;;;;19:40:00;450;43760;0.819444444444438;192;0;;;
2019-10-16 19:55:02;2019-10-16 19:55:02;43754;12/30/99 07:55 PM;201;4,33333333333332;9,33333333333331;;;;;19:50:00;450;43760;0.826388888888882;192;0;;;
2019-10-16 19:55:41;2019-10-16 19:55:41;43754;12/30/99 07:55 PM;202;4,36666666666665;9,36666666666664;;;;;20:00:00;450;43760;0.833333333333326;192;0;;;
2019-10-16 20:11:39;2019-10-16 20:11:39;43754;12/30/99 08:11 PM;203;4,39999999999999;9,39999999999998;;;;;20:10:00;450;43760;0.840277777777771;192;1;;;
2019-10-16 20:09:25;2019-10-16 20:09:25;43754;12/30/99 08:09 PM;204;4,43333333333332;9,43333333333331;;;;;20:20:00;450;43760;0.847222222222215;192;1;;;
2019-10-16 19:48:53;2019-10-16 19:48:53;43754;12/30/99 07:48 PM;205;4,46666666666665;9,46666666666664;;;;;20:30:00;450;43760;0.85416666666666;192;1;;;
2019-10-16 19:55:09;2019-10-16 19:55:09;43754;12/30/99 07:55 PM;206;4,49999999999999;9,49999999999998;;;;;20:40:00;450;43760;0.861111111111104;192;1;;;
2019-10-16 19:48:51;2019-10-16 19:48:51;43754;12/30/99 07:48 PM;207;4,53333333333332;9,53333333333331;;;;;20:50:00;450;43760;0.868055555555548;192;1;;;
2019-10-16 20:20:23;2019-10-16 20:20:23;43754;12/30/99 08:20 PM;208;4,56666666666665;9,56666666666664;;;;;21:00:00;450;43760;0.874999999999993;192;1;;;
2019-10-16 20:02:29;2019-10-16 20:02:29;43754;12/30/99 08:02 PM;209;4,59999999999999;9,59999999999998;;;;;18:10:00;480;43761;0.756944444444437;192;0;;;
2019-10-16 20:12:31;2019-10-16 20:12:31;43754;12/30/99 08:12 PM;210;4,63333333333332;9,63333333333331;;;;;18:20:00;480;43761;0.763888888888882;192;0;;;
2019-10-16 19:41:07;2019-10-16 19:41:07;43754;12/30/99 07:41 PM;211;4,66666666666665;9,66666666666664;;;;;18:30:00;480;43761;0.770833333333326;192;0;;;
2019-10-16 20:12:19;2019-10-16 20:12:19;43754;12/30/99 08:12 PM;212;4,69999999999999;9,69999999999998;;;;;18:40:00;480;43761;0.777777777777771;192;0;;;
2019-10-16 20:02:27;2019-10-16 20:02:27;43754;12/30/99 08:02 PM;213;4,73333333333332;9,73333333333331;;;;;18:50:00;480;43761;0.784722222222215;192;0;;;
2019-10-16 20:06:52;2019-10-16 20:06:52;43754;12/30/99 08:06 PM;214;4,76666666666665;9,76666666666664;;;;;19:00:00;480;43761;0.791666666666659;192;0;;;
2019-10-16 19:52:23;2019-10-16 19:52:23;43754;12/30/99 07:52 PM;215;4,79999999999999;9,79999999999998;;;;;19:10:00;480;43761;0.798611111111104;192;0;;;
2019-10-16 19:56:59;2019-10-16 19:56:59;43754;12/30/99 07:56 PM;216;4,83333333333332;9,83333333333331;;;;;19:20:00;480;43761;0.805555555555548;192;0;;;
2019-10-16 20:18:16;2019-10-16 20:18:16;43754;12/30/99 08:18 PM;217;4,86666666666665;9,86666666666664;;;;;19:30:00;480;43761;0.812499999999993;192;0;;;
2019-10-16 19:58:44;2019-10-16 19:58:44;43754;12/30/99 07:58 PM;218;4,89999999999998;9,89999999999998;;;;;19:40:00;480;43761;0.819444444444437;192;0;;;
2019-10-16 20:06:34;2019-10-16 20:06:34;43754;12/30/99 08:06 PM;219;4,93333333333332;9,93333333333331;;;;;19:50:00;480;43761;0.826388888888882;192;0;;;
2019-10-16 20:05:04;2019-10-16 20:05:04;43754;12/30/99 08:05 PM;220;4,96666666666665;9,96666666666664;;;;;20:00:00;480;43761;0.833333333333326;192;1;;;
2019-10-16 20:03:16;2019-10-16 20:03:16;43754;12/30/99 08:03 PM;191;4,99999999999998;9,99999999999998;;;;;20:10:00;480;43761;0.84027777777777;192;1;;;
2019-10-17 20:06:56;2019-10-17 20:06:56;43755;12/30/99 08:06 PM;192;0,033333333333317;10,0333333333333;;;;;20:20:00;480;43761;0.847222222222215;192;1;;;
2019-10-17 19:49:54;2019-10-17 19:49:54;43755;12/30/99 07:49 PM;193;0,066666666666651;10,0666666666666;;;;;20:30:00;480;43761;0.854166666666659;192;1;;;
2019-10-17 20:01:14;2019-10-17 20:01:14;43755;12/30/99 08:01 PM;194;0,099999999999984;10,1;;;;;20:40:00;480;43761;0.861111111111104;192;1;;;
2019-10-17 19:42:43;2019-10-17 19:42:43;43755;12/30/99 07:42 PM;195;0,133333333333317;10,1333333333333;;;;;20:50:00;480;43761;0.868055555555548;192;1;;;
2019-10-17 19:42:46;2019-10-17 19:42:46;43755;12/30/99 07:42 PM;196;0,166666666666651;10,1666666666666;;;;;21:00:00;480;43761;0.874999999999992;192;1;;;
2019-10-17 20:15:47;2019-10-17 20:15:47;43755;12/30/99 08:15 PM;197;0,199999999999984;10,2;;;;;18:10:00;510;43762;0.756944444444437;192;0;;;
2019-10-17 20:11:03;2019-10-17 20:11:03;43755;12/30/99 08:11 PM;198;0,233333333333317;10,2333333333333;;;;;18:20:00;510;43762;0.763888888888881;192;0;;;
2019-10-17 20:12:21;2019-10-17 20:12:21;43755;12/30/99 08:12 PM;199;0,26666666666665;10,2666666666666;;;;;18:30:00;510;43762;0.770833333333326;192;0;;;
2019-10-17 20:00:55;2019-10-17 20:00:55;43755;12/30/99 08:00 PM;200;0,299999999999984;10,3;;;;;18:40:00;510;43762;0.77777777777777;192;0;;;
2019-10-17 20:06:26;2019-10-17 20:06:26;43755;12/30/99 08:06 PM;201;0,333333333333317;10,3333333333333;;;;;18:50:00;510;43762;0.784722222222215;192;0;;;
2019-10-17 19:54:42;2019-10-17 19:54:42;43755;12/30/99 07:54 PM;202;0,36666666666665;10,3666666666666;;;;;19:00:00;510;43762;0.791666666666659;192;0;;;
2019-10-17 20:03:19;2019-10-17 20:03:19;43755;12/30/99 08:03 PM;203;0,399999999999984;10,4;;;;;19:10:00;510;43762;0.798611111111103;192;0;;;
2019-10-17 20:25:05;2019-10-17 20:25:05;43755;12/30/99 08:25 PM;204;0,433333333333317;10,4333333333333;;;;;19:20:00;510;43762;0.805555555555548;192;0;;;
2019-10-17 20:23:25;2019-10-17 20:23:25;43755;12/30/99 08:23 PM;205;0,46666666666665;10,4666666666666;;;;;19:30:00;510;43762;0.812499999999992;192;0;;;
2019-10-17 19:15:59;2019-10-17 19:15:59;43755;12/30/99 07:15 PM;206;0,499999999999984;10,5;;;;;19:40:00;510;43762;0.819444444444437;192;0;;;
2019-10-17 20:02:31;2019-10-17 20:02:31;43755;12/30/99 08:02 PM;207;0,533333333333317;10,5333333333333;;;;;19:50:00;510;43762;0.826388888888881;192;0;;;
2019-10-17 20:04:28;2019-10-17 20:04:28;43755;12/30/99 08:04 PM;208;0,56666666666665;10,5666666666666;;;;;20:00:00;510;43762;0.833333333333325;192;0;;;
2019-10-17 19:37:16;2019-10-17 19:37:16;43755;12/30/99 07:37 PM;209;0,599999999999984;10,6;;;;;20:10:00;510;43762;0.84027777777777;192;1;;;
2019-10-17 20:15:23;2019-10-17 20:15:23;43755;12/30/99 08:15 PM;210;0,633333333333317;10,6333333333333;;;;;20:20:00;510;43762;0.847222222222214;192;1;;;
2019-10-17 20:10:06;2019-10-17 20:10:06;43755;12/30/99 08:10 PM;211;0,66666666666665;10,6666666666666;;;;;20:30:00;510;43762;0.854166666666659;192;1;;;
2019-10-17 19:32:26;2019-10-17 19:32:26;43755;12/30/99 07:32 PM;212;0,699999999999984;10,7;;;;;20:40:00;510;43762;0.861111111111103;192;1;;;
2019-10-17 19:58:37;2019-10-17 19:58:37;43755;12/30/99 07:58 PM;213;0,733333333333317;10,7333333333333;;;;;20:50:00;510;43762;0.868055555555548;192;1;;;
2019-10-17 19:41:13;2019-10-17 19:41:13;43755;12/30/99 07:41 PM;214;0,76666666666665;10,7666666666666;;;;;21:00:00;510;43762;0.874999999999992;192;1;;;
2019-10-17 20:28:29;2019-10-17 20:28:29;43755;12/30/99 08:28 PM;215;0,799999999999984;10,8;;;;;18:10:00;540;43763;0.756944444444436;192;0;;;
2019-10-17 19:57:34;2019-10-17 19:57:34;43755;12/30/99 07:57 PM;216;0,833333333333317;10,8333333333333;;;;;18:20:00;540;43763;0.763888888888881;192;0;;;
2019-10-17 19:55:10;2019-10-17 19:55:10;43755;12/30/99 07:55 PM;217;0,86666666666665;10,8666666666666;;;;;18:30:00;540;43763;0.770833333333325;192;0;;;
2019-10-17 19:46:17;2019-10-17 19:46:17;43755;12/30/99 07:46 PM;218;0,899999999999984;10,9;;;;;18:40:00;540;43763;0.77777777777777;192;0;;;
2019-10-17 20:13:14;2019-10-17 20:13:14;43755;12/30/99 08:13 PM;219;0,933333333333317;10,9333333333333;;;;;18:50:00;540;43763;0.784722222222214;192;0;;;
2019-10-17 19:43:44;2019-10-17 19:43:44;43755;12/30/99 07:43 PM;220;0,96666666666665;10,9666666666666;;;;;19:00:00;540;43763;0.791666666666659;192;0;;;
2019-10-18 19:40:24;2019-10-18 19:40:24;43756;12/30/99 07:40 PM;191;0,999999999999984;11;;;;;19:10:00;540;43763;0.798611111111103;192;0;;;
2019-10-18 19:56:22;2019-10-18 19:56:22;43756;12/30/99 07:56 PM;192;1,03333333333332;11,0333333333333;;;;;19:20:00;540;43763;0.805555555555547;192;0;;;
2019-10-18 19:41:46;2019-10-18 19:41:46;43756;12/30/99 07:41 PM;193;1,06666666666665;11,0666666666666;;;;;19:30:00;540;43763;0.812499999999992;192;0;;;
2019-10-18 20:03:51;2019-10-18 20:03:51;43756;12/30/99 08:03 PM;194;1,09999999999998;11,1;;;;;19:40:00;540;43763;0.819444444444436;192;0;;;
2019-10-18 19:57:43;2019-10-18 19:57:43;43756;12/30/99 07:57 PM;195;1,13333333333332;11,1333333333333;;;;;19:50:00;540;43763;0.826388888888881;192;0;;;
2019-10-18 19:48:49;2019-10-18 19:48:49;43756;12/30/99 07:48 PM;196;1,16666666666665;11,1666666666666;;;;;20:00:00;540;43763;0.833333333333325;192;1;;;
2019-10-18 19:53:13;2019-10-18 19:53:13;43756;12/30/99 07:53 PM;197;1,19999999999998;11,2;;;;;20:10:00;540;43763;0.840277777777769;192;1;;;
2019-10-18 19:59:42;2019-10-18 19:59:42;43756;12/30/99 07:59 PM;198;1,23333333333332;11,2333333333333;;;;;20:20:00;540;43763;0.847222222222214;192;1;;;
2019-10-18 19:44:13;2019-10-18 19:44:13;43756;12/30/99 07:44 PM;199;1,26666666666665;11,2666666666666;;;;;20:30:00;540;43763;0.854166666666658;192;1;;;
2019-10-18 19:55:43;2019-10-18 19:55:43;43756;12/30/99 07:55 PM;200;1,29999999999998;11,3;;;;;20:40:00;540;43763;0.861111111111103;192;1;;;
2019-10-18 19:51:30;2019-10-18 19:51:30;43756;12/30/99 07:51 PM;201;1,33333333333332;11,3333333333333;;;;;20:50:00;540;43763;0.868055555555547;192;1;;;
2019-10-18 20:11:27;2019-10-18 20:11:27;43756;12/30/99 08:11 PM;202;1,36666666666665;11,3666666666666;;;;;21:00:00;540;43763;0.874999999999992;192;1;;;
2019-10-18 20:18:21;2019-10-18 20:18:21;43756;12/30/99 08:18 PM;203;1,39999999999998;11,4;;;;;18:10:00;570;43764;0.756944444444436;192;0;;;
2019-10-18 20:13:59;2019-10-18 20:13:59;43756;12/30/99 08:13 PM;204;1,43333333333332;11,4333333333333;;;;;18:20:00;570;43764;0.76388888888888;192;0;;;
2019-10-18 19:41:29;2019-10-18 19:41:29;43756;12/30/99 07:41 PM;205;1,46666666666665;11,4666666666666;;;;;18:30:00;570;43764;0.770833333333325;192;0;;;
2019-10-18 19:40:30;2019-10-18 19:40:30;43756;12/30/99 07:40 PM;206;1,49999999999999;11,5;;;;;18:40:00;570;43764;0.777777777777769;192;0;;;
2019-10-18 19:45:59;2019-10-18 19:45:59;43756;12/30/99 07:45 PM;207;1,53333333333332;11,5333333333333;;;;;18:50:00;570;43764;0.784722222222214;192;0;;;
2019-10-18 20:38:24;2019-10-18 20:38:24;43756;12/30/99 08:38 PM;208;1,56666666666665;11,5666666666666;;;;;19:00:00;570;43764;0.791666666666658;192;0;;;
2019-10-18 20:03:13;2019-10-18 20:03:13;43756;12/30/99 08:03 PM;209;1,59999999999999;11,6;;;;;19:10:00;570;43764;0.798611111111102;192;0;;;
2019-10-18 19:57:56;2019-10-18 19:57:56;43756;12/30/99 07:57 PM;210;1,63333333333332;11,6333333333333;;;;;19:20:00;570;43764;0.805555555555547;192;0;;;
2019-10-18 19:47:44;2019-10-18 19:47:44;43756;12/30/99 07:47 PM;211;1,66666666666665;11,6666666666666;;;;;19:30:00;570;43764;0.812499999999991;192;0;;;
2019-10-18 20:08:56;2019-10-18 20:08:56;43756;12/30/99 08:08 PM;212;1,69999999999999;11,7;;;;;19:40:00;570;43764;0.819444444444436;192;0;;;
2019-10-18 20:12:45;2019-10-18 20:12:45;43756;12/30/99 08:12 PM;213;1,73333333333332;11,7333333333333;;;;;19:50:00;570;43764;0.82638888888888;192;1;;;
2019-10-18 19:57:45;2019-10-18 19:57:45;43756;12/30/99 07:57 PM;214;1,76666666666665;11,7666666666666;;;;;20:00:00;570;43764;0.833333333333325;192;1;;;
2019-10-18 20:22:03;2019-10-18 20:22:03;43756;12/30/99 08:22 PM;215;1,79999999999999;11,8;;;;;20:10:00;570;43764;0.840277777777769;192;1;;;
2019-10-18 20:01:26;2019-10-18 20:01:26;43756;12/30/99 08:01 PM;216;1,83333333333332;11,8333333333333;;;;;20:20:00;570;43764;0.847222222222213;192;1;;;
2019-10-18 20:05:18;2019-10-18 20:05:18;43756;12/30/99 08:05 PM;217;1,86666666666665;11,8666666666666;;;;;20:30:00;570;43764;0.854166666666658;192;1;;;
2019-10-18 20:10:13;2019-10-18 20:10:13;43756;12/30/99 08:10 PM;218;1,89999999999999;11,9;;;;;20:40:00;570;43764;0.861111111111102;192;1;;;
2019-10-18 20:06:16;2019-10-18 20:06:16;43756;12/30/99 08:06 PM;219;1,93333333333332;11,9333333333333;;;;;20:50:00;570;43764;0.868055555555547;192;1;;;
2019-10-18 20:04:51;2019-10-18 20:04:51;43756;12/30/99 08:04 PM;220;1,96666666666665;11,9666666666666;;;;;21:00:00;570;43764;0.874999999999991;192;1;;;
2019-10-19 19:44:02;2019-10-19 19:44:02;43757;12/30/99 07:44 PM;191;1,99999999999999;12;;;;;18:10:00;600;43765;0.756944444444436;192;0;;;
2019-10-19 20:09:09;2019-10-19 20:09:09;43757;12/30/99 08:09 PM;192;2,03333333333332;12,0333333333333;;;;;18:20:00;600;43765;0.76388888888888;192;0;;;
2019-10-19 20:03:21;2019-10-19 20:03:21;43757;12/30/99 08:03 PM;193;2,06666666666665;12,0666666666666;;;;;18:30:00;600;43765;0.770833333333324;192;0;;;
2019-10-19 19:53:17;2019-10-19 19:53:17;43757;12/30/99 07:53 PM;194;2,09999999999999;12,1;;;;;18:40:00;600;43765;0.777777777777769;192;0;;;
2019-10-19 19:59:10;2019-10-19 19:59:10;43757;12/30/99 07:59 PM;195;2,13333333333332;12,1333333333333;;;;;18:50:00;600;43765;0.784722222222213;192;0;;;
2019-10-19 20:05:22;2019-10-19 20:05:22;43757;12/30/99 08:05 PM;196;2,16666666666665;12,1666666666666;;;;;19:00:00;600;43765;0.791666666666658;192;0;;;
2019-10-19 20:16:04;2019-10-19 20:16:04;43757;12/30/99 08:16 PM;197;2,19999999999999;12,2;;;;;19:10:00;600;43765;0.798611111111102;192;0;;;
2019-10-19 20:18:31;2019-10-19 20:18:31;43757;12/30/99 08:18 PM;198;2,23333333333332;12,2333333333333;;;;;19:20:00;600;43765;0.805555555555547;192;0;;;
2019-10-19 20:16:47;2019-10-19 20:16:47;43757;12/30/99 08:16 PM;199;2,26666666666665;12,2666666666666;;;;;19:30:00;600;43765;0.812499999999991;192;0;;;
2019-10-19 19:57:24;2019-10-19 19:57:24;43757;12/30/99 07:57 PM;200;2,29999999999999;12,3;;;;;19:40:00;600;43765;0.819444444444435;192;0;;;
2019-10-19 20:37:37;2019-10-19 20:37:37;43757;12/30/99 08:37 PM;201;2,33333333333332;12,3333333333333;;;;;19:50:00;600;43765;0.82638888888888;192;0;;;
2019-10-19 20:22:53;2019-10-19 20:22:53;43757;12/30/99 08:22 PM;202;2,36666666666665;12,3666666666666;;;;;20:00:00;600;43765;0.833333333333324;192;1;;;
2019-10-19 19:54:13;2019-10-19 19:54:13;43757;12/30/99 07:54 PM;203;2,39999999999999;12,4;;;;;20:10:00;600;43765;0.840277777777768;192;1;;;
2019-10-19 19:57:37;2019-10-19 19:57:37;43757;12/30/99 07:57 PM;204;2,43333333333332;12,4333333333333;;;;;20:20:00;600;43765;0.847222222222213;192;1;;;
2019-10-19 19:55:10;2019-10-19 19:55:10;43757;12/30/99 07:55 PM;205;2,46666666666665;12,4666666666666;;;;;20:30:00;600;43765;0.854166666666657;192;1;;;
2019-10-19 19:58:08;2019-10-19 19:58:08;43757;12/30/99 07:58 PM;206;2,49999999999998;12,5;;;;;20:40:00;600;43765;0.861111111111102;192;1;;;
2019-10-19 20:01:36;2019-10-19 20:01:36;43757;12/30/99 08:01 PM;207;2,53333333333332;12,5333333333333;;;;;20:50:00;600;43765;0.868055555555546;192;1;;;
2019-10-19 19:41:30;2019-10-19 19:41:30;43757;12/30/99 07:41 PM;208;2,56666666666665;12,5666666666666;;;;;21:00:00;600;43765;0.874999999999991;192;1;;;
2019-10-19 20:00:47;2019-10-19 20:00:47;43757;12/30/99 08:00 PM;209;2,59999999999998;12,6;;;;;18:10:00;630;43766;0.756944444444435;192;0;;;
2019-10-19 20:04:27;2019-10-19 20:04:27;43757;12/30/99 08:04 PM;210;2,63333333333332;12,6333333333333;;;;;18:20:00;630;43766;0.76388888888888;192;0;;;
2019-10-19 19:57:22;2019-10-19 19:57:22;43757;12/30/99 07:57 PM;211;2,66666666666665;12,6666666666666;;;;;18:30:00;630;43766;0.770833333333324;192;0;;;
2019-10-19 19:26:30;2019-10-19 19:26:30;43757;12/30/99 07:26 PM;212;2,69999999999998;12,7;;;;;18:40:00;630;43766;0.777777777777768;192;0;;;
2019-10-19 19:53:48;2019-10-19 19:53:48;43757;12/30/99 07:53 PM;213;2,73333333333332;12,7333333333333;;;;;18:50:00;630;43766;0.784722222222213;192;0;;;
2019-10-19 20:01:50;2019-10-19 20:01:50;43757;12/30/99 08:01 PM;214;2,76666666666665;12,7666666666666;;;;;19:00:00;630;43766;0.791666666666657;192;0;;;
2019-10-19 20:24:33;2019-10-19 20:24:33;43757;12/30/99 08:24 PM;215;2,79999999999998;12,8;;;;;19:10:00;630;43766;0.798611111111102;192;0;;;
2019-10-19 20:12:10;2019-10-19 20:12:10;43757;12/30/99 08:12 PM;216;2,83333333333332;12,8333333333333;;;;;19:20:00;630;43766;0.805555555555546;192;0;;;
2019-10-19 20:06:39;2019-10-19 20:06:39;43757;12/30/99 08:06 PM;217;2,86666666666665;12,8666666666666;;;;;19:30:00;630;43766;0.81249999999999;192;0;;;
2019-10-19 19:41:25;2019-10-19 19:41:25;43757;12/30/99 07:41 PM;218;2,89999999999998;12,9;;;;;19:40:00;630;43766;0.819444444444435;192;0;;;
2019-10-19 19:40:57;2019-10-19 19:40:57;43757;12/30/99 07:40 PM;219;2,93333333333332;12,9333333333333;;;;;19:50:00;630;43766;0.826388888888879;192;0;;;
2019-10-19 19:40:28;2019-10-19 19:40:28;43757;12/30/99 07:40 PM;220;2,96666666666665;12,9666666666666;;;;;20:00:00;630;43766;0.833333333333324;192;0;;;
2019-10-20 20:14:56;2019-10-20 20:14:56;43758;12/30/99 08:14 PM;191;2,99999999999998;13;;;;;20:10:00;630;43766;0.840277777777768;192;1;;;
2019-10-20 20:06:34;2019-10-20 20:06:34;43758;12/30/99 08:06 PM;192;3,03333333333332;13,0333333333333;;;;;20:20:00;630;43766;0.847222222222213;192;1;;;
2019-10-20 20:46:03;2019-10-20 20:46:03;43758;12/30/99 08:46 PM;193;3,06666666666665;13,0666666666666;;;;;20:30:00;630;43766;0.854166666666657;192;1;;;
2019-10-20 19:29:45;2019-10-20 19:29:45;43758;12/30/99 07:29 PM;194;3,09999999999998;13,1;;;;;20:40:00;630;43766;0.861111111111101;192;1;;;
2019-10-20 20:12:08;2019-10-20 20:12:08;43758;12/30/99 08:12 PM;195;3,13333333333332;13,1333333333333;;;;;20:50:00;630;43766;0.868055555555546;192;1;;;
2019-10-20 20:12:19;2019-10-20 20:12:19;43758;12/30/99 08:12 PM;196;3,16666666666665;13,1666666666666;;;;;21:00:00;630;43766;0.87499999999999;192;1;;;
2019-10-20 20:08:47;2019-10-20 20:08:47;43758;12/30/99 08:08 PM;197;3,19999999999998;13,2;;;;;;;;;;;;;
2019-10-20 19:54:51;2019-10-20 19:54:51;43758;12/30/99 07:54 PM;198;3,23333333333332;13,2333333333333;;;;;;;;;;;;;
2019-10-20 19:50:39;2019-10-20 19:50:39;43758;12/30/99 07:50 PM;199;3,26666666666665;13,2666666666666;;;;;;;;;;;;;
2019-10-20 19:24:27;2019-10-20 19:24:27;43758;12/30/99 07:24 PM;200;3,29999999999998;13,3;;;;;;;;;;;;;
2019-10-20 19:50:23;2019-10-20 19:50:23;43758;12/30/99 07:50 PM;201;3,33333333333332;13,3333333333333;;;;;;;;;;;;;
2019-10-20 20:17:10;2019-10-20 20:17:10;43758;12/30/99 08:17 PM;202;3,36666666666665;13,3666666666666;;;;;;;;;;;;;
2019-10-20 20:25:20;2019-10-20 20:25:20;43758;12/30/99 08:25 PM;203;3,39999999999998;13,4;;;;;;;;;;;;;
2019-10-20 20:17:25;2019-10-20 20:17:25;43758;12/30/99 08:17 PM;204;3,43333333333331;13,4333333333333;;;;;;;;;;;;;
2019-10-20 20:23:41;2019-10-20 20:23:41;43758;12/30/99 08:23 PM;205;3,46666666666665;13,4666666666666;;;;;;;;;;;;;
2019-10-20 19:45:12;2019-10-20 19:45:12;43758;12/30/99 07:45 PM;206;3,49999999999998;13,5;;;;;;;;;;;;;
2019-10-20 19:25:50;2019-10-20 19:25:50;43758;12/30/99 07:25 PM;207;3,53333333333331;13,5333333333333;;;;;;;;;;;;;
2019-10-20 20:10:53;2019-10-20 20:10:53;43758;12/30/99 08:10 PM;208;3,56666666666665;13,5666666666666;;;;;;;;;;;;;
2019-10-20 19:56:16;2019-10-20 19:56:16;43758;12/30/99 07:56 PM;209;3,59999999999998;13,6;;;;;;;;;;;;;
2019-10-20 20:17:41;2019-10-20 20:17:41;43758;12/30/99 08:17 PM;210;3,63333333333331;13,6333333333333;;;;;;;;;;;;;
2019-10-20 19:59:17;2019-10-20 19:59:17;43758;12/30/99 07:59 PM;211;3,66666666666665;13,6666666666666;;;;;;;;;;;;;
2019-10-20 19:54:53;2019-10-20 19:54:53;43758;12/30/99 07:54 PM;212;3,69999999999998;13,7;;;;;;;;;;;;;
2019-10-20 20:11:59;2019-10-20 20:11:59;43758;12/30/99 08:11 PM;213;3,73333333333331;13,7333333333333;;;;;;;;;;;;;
2019-10-20 20:18:30;2019-10-20 20:18:30;43758;12/30/99 08:18 PM;214;3,76666666666665;13,7666666666666;;;;;;;;;;;;;
2019-10-20 19:50:45;2019-10-20 19:50:45;43758;12/30/99 07:50 PM;215;3,79999999999998;13,8;;;;;;;;;;;;;
2019-10-20 20:08:24;2019-10-20 20:08:24;43758;12/30/99 08:08 PM;216;3,83333333333331;13,8333333333333;;;;;;;;;;;;;
2019-10-20 20:15:14;2019-10-20 20:15:14;43758;12/30/99 08:15 PM;217;3,86666666666665;13,8666666666666;;;;;;;;;;;;;
2019-10-20 19:59:48;2019-10-20 19:59:48;43758;12/30/99 07:59 PM;218;3,89999999999998;13,9;;;;;;;;;;;;;
2019-10-20 20:19:33;2019-10-20 20:19:33;43758;12/30/99 08:19 PM;219;3,93333333333331;13,9333333333333;;;;;;;;;;;;;
2019-10-20 20:18:33;2019-10-20 20:18:33;43758;12/30/99 08:18 PM;220;3,96666666666665;13,9666666666666;;;;;;;;;;;;;
2019-10-21 20:10:28;2019-10-21 20:10:28;43759;12/30/99 08:10 PM;191;3,99999999999998;14;;;;;;;;;;;;;
2019-10-21 19:33:11;2019-10-21 19:33:11;43759;12/30/99 07:33 PM;192;4,03333333333331;14,0333333333333;;;;;;;;;;;;;
2019-10-21 20:13:26;2019-10-21 20:13:26;43759;12/30/99 08:13 PM;193;4,06666666666665;14,0666666666666;;;;;;;;;;;;;
2019-10-21 19:45:03;2019-10-21 19:45:03;43759;12/30/99 07:45 PM;194;4,09999999999998;14,1;;;;;;;;;;;;;
2019-10-21 19:43:56;2019-10-21 19:43:56;43759;12/30/99 07:43 PM;195;4,13333333333331;14,1333333333333;;;;;;;;;;;;;
2019-10-21 20:06:32;2019-10-21 20:06:32;43759;12/30/99 08:06 PM;196;4,16666666666665;14,1666666666666;;;;;;;;;;;;;
2019-10-21 19:35:03;2019-10-21 19:35:03;43759;12/30/99 07:35 PM;197;4,19999999999998;14,2;;;;;;;;;;;;;
2019-10-21 20:18:37;2019-10-21 20:18:37;43759;12/30/99 08:18 PM;198;4,23333333333331;14,2333333333333;;;;;;;;;;;;;
2019-10-21 19:41:31;2019-10-21 19:41:31;43759;12/30/99 07:41 PM;199;4,26666666666665;14,2666666666666;;;;;;;;;;;;;
2019-10-21 20:15:45;2019-10-21 20:15:45;43759;12/30/99 08:15 PM;200;4,29999999999998;14,3;;;;;;;;;;;;;
2019-10-21 20:01:25;2019-10-21 20:01:25;43759;12/30/99 08:01 PM;201;4,33333333333331;14,3333333333333;;;;;;;;;;;;;
2019-10-21 20:02:50;2019-10-21 20:02:50;43759;12/30/99 08:02 PM;202;4,36666666666665;14,3666666666666;;;;;;;;;;;;;
2019-10-21 19:51:28;2019-10-21 19:51:28;43759;12/30/99 07:51 PM;203;4,39999999999998;14,4;;;;;;;;;;;;;
2019-10-21 20:04:56;2019-10-21 20:04:56;43759;12/30/99 08:04 PM;204;4,43333333333331;14,4333333333333;;;;;;;;;;;;;
2019-10-21 19:52:05;2019-10-21 19:52:05;43759;12/30/99 07:52 PM;205;4,46666666666664;14,4666666666666;;;;;;;;;;;;;
2019-10-21 19:45:50;2019-10-21 19:45:50;43759;12/30/99 07:45 PM;206;4,49999999999998;14,5;;;;;;;;;;;;;
2019-10-21 19:48:32;2019-10-21 19:48:32;43759;12/30/99 07:48 PM;207;4,53333333333331;14,5333333333333;;;;;;;;;;;;;
2019-10-21 20:13:38;2019-10-21 20:13:38;43759;12/30/99 08:13 PM;208;4,56666666666664;14,5666666666666;;;;;;;;;;;;;
2019-10-21 20:14:38;2019-10-21 20:14:38;43759;12/30/99 08:14 PM;209;4,59999999999998;14,6;;;;;;;;;;;;;
2019-10-21 20:20:38;2019-10-21 20:20:38;43759;12/30/99 08:20 PM;210;4,63333333333331;14,6333333333333;;;;;;;;;;;;;
2019-10-21 19:55:45;2019-10-21 19:55:45;43759;12/30/99 07:55 PM;211;4,66666666666664;14,6666666666666;;;;;;;;;;;;;
2019-10-21 20:00:34;2019-10-21 20:00:34;43759;12/30/99 08:00 PM;212;4,69999999999998;14,7;;;;;;;;;;;;;
2019-10-21 19:50:22;2019-10-21 19:50:22;43759;12/30/99 07:50 PM;213;4,73333333333331;14,7333333333333;;;;;;;;;;;;;
2019-10-21 20:18:13;2019-10-21 20:18:13;43759;12/30/99 08:18 PM;214;4,76666666666664;14,7666666666666;;;;;;;;;;;;;
2019-10-21 19:28:50;2019-10-21 19:28:50;43759;12/30/99 07:28 PM;215;4,79999999999998;14,8;;;;;;;;;;;;;
2019-10-21 19:57:14;2019-10-21 19:57:14;43759;12/30/99 07:57 PM;216;4,83333333333331;14,8333333333333;;;;;;;;;;;;;
2019-10-21 19:55:56;2019-10-21 19:55:56;43759;12/30/99 07:55 PM;217;4,86666666666664;14,8666666666666;;;;;;;;;;;;;
2019-10-21 20:11:41;2019-10-21 20:11:41;43759;12/30/99 08:11 PM;218;4,89999999999998;14,9;;;;;;;;;;;;;
2019-10-21 20:08:45;2019-10-21 20:08:45;43759;12/30/99 08:08 PM;219;4,93333333333331;14,9333333333333;;;;;;;;;;;;;
2019-10-21 19:58:39;2019-10-21 19:58:39;43759;12/30/99 07:58 PM;220;4,96666666666664;14,9666666666666;;;;;;;;;;;;;
2019-10-22 20:03:13;2019-10-22 20:03:13;43760;12/30/99 08:03 PM;191;4,99999999999998;15;;;;;;;;;;;;;
2019-10-22 20:03:35;2019-10-22 20:03:35;43760;12/30/99 08:03 PM;192;0,033333333333309;15,0333333333333;;;;;;;;;;;;;
2019-10-22 19:38:58;2019-10-22 19:38:58;43760;12/30/99 07:38 PM;193;0,066666666666643;15,0666666666666;;;;;;;;;;;;;
2019-10-22 19:57:17;2019-10-22 19:57:17;43760;12/30/99 07:57 PM;194;0,099999999999976;15,1;;;;;;;;;;;;;
2019-10-22 19:49:59;2019-10-22 19:49:59;43760;12/30/99 07:49 PM;195;0,133333333333309;15,1333333333333;;;;;;;;;;;;;
2019-10-22 19:44:22;2019-10-22 19:44:22;43760;12/30/99 07:44 PM;196;0,166666666666643;15,1666666666666;;;;;;;;;;;;;
2019-10-22 19:43:58;2019-10-22 19:43:58;43760;12/30/99 07:43 PM;197;0,199999999999976;15,2;;;;;;;;;;;;;
2019-10-22 19:51:32;2019-10-22 19:51:32;43760;12/30/99 07:51 PM;198;0,233333333333309;15,2333333333333;;;;;;;;;;;;;
2019-10-22 20:06:01;2019-10-22 20:06:01;43760;12/30/99 08:06 PM;199;0,266666666666642;15,2666666666666;;;;;;;;;;;;;
2019-10-22 20:19:39;2019-10-22 20:19:39;43760;12/30/99 08:19 PM;200;0,299999999999976;15,3;;;;;;;;;;;;;
2019-10-22 19:36:12;2019-10-22 19:36:12;43760;12/30/99 07:36 PM;201;0,333333333333309;15,3333333333333;;;;;;;;;;;;;
2019-10-22 19:56:53;2019-10-22 19:56:53;43760;12/30/99 07:56 PM;202;0,366666666666642;15,3666666666666;;;;;;;;;;;;;
2019-10-22 19:44:45;2019-10-22 19:44:45;43760;12/30/99 07:44 PM;203;0,399999999999976;15,4;;;;;;;;;;;;;
2019-10-22 19:54:02;2019-10-22 19:54:02;43760;12/30/99 07:54 PM;204;0,433333333333309;15,4333333333333;;;;;;;;;;;;;
2019-10-22 19:58:55;2019-10-22 19:58:55;43760;12/30/99 07:58 PM;205;0,466666666666642;15,4666666666666;;;;;;;;;;;;;
2019-10-22 19:55:07;2019-10-22 19:55:07;43760;12/30/99 07:55 PM;206;0,499999999999976;15,5;;;;;;;;;;;;;
2019-10-22 19:53:34;2019-10-22 19:53:34;43760;12/30/99 07:53 PM;207;0,533333333333309;15,5333333333333;;;;;;;;;;;;;
2019-10-22 19:34:29;2019-10-22 19:34:29;43760;12/30/99 07:34 PM;208;0,566666666666642;15,5666666666666;;;;;;;;;;;;;
2019-10-22 20:24:37;2019-10-22 20:24:37;43760;12/30/99 08:24 PM;209;0,599999999999976;15,6;;;;;;;;;;;;;
2019-10-22 20:06:55;2019-10-22 20:06:55;43760;12/30/99 08:06 PM;210;0,633333333333309;15,6333333333333;;;;;;;;;;;;;
2019-10-22 19:49:24;2019-10-22 19:49:24;43760;12/30/99 07:49 PM;211;0,666666666666642;15,6666666666666;;;;;;;;;;;;;
2019-10-22 20:13:42;2019-10-22 20:13:42;43760;12/30/99 08:13 PM;212;0,699999999999976;15,7;;;;;;;;;;;;;
2019-10-22 19:57:46;2019-10-22 19:57:46;43760;12/30/99 07:57 PM;213;0,733333333333309;15,7333333333333;;;;;;;;;;;;;
2019-10-22 20:10:03;2019-10-22 20:10:03;43760;12/30/99 08:10 PM;214;0,766666666666642;15,7666666666666;;;;;;;;;;;;;
2019-10-22 19:41:47;2019-10-22 19:41:47;43760;12/30/99 07:41 PM;215;0,799999999999976;15,8;;;;;;;;;;;;;
2019-10-22 19:58:57;2019-10-22 19:58:57;43760;12/30/99 07:58 PM;216;0,833333333333309;15,8333333333333;;;;;;;;;;;;;
2019-10-22 19:38:51;2019-10-22 19:38:51;43760;12/30/99 07:38 PM;217;0,866666666666642;15,8666666666666;;;;;;;;;;;;;
2019-10-22 19:59:13;2019-10-22 19:59:13;43760;12/30/99 07:59 PM;218;0,899999999999976;15,9;;;;;;;;;;;;;
2019-10-22 19:35:21;2019-10-22 19:35:21;43760;12/30/99 07:35 PM;219;0,933333333333309;15,9333333333333;;;;;;;;;;;;;
2019-10-22 20:26:19;2019-10-22 20:26:19;43760;12/30/99 08:26 PM;220;0,966666666666642;15,9666666666666;;;;;;;;;;;;;
2019-10-23 20:21:32;2019-10-23 20:21:32;43761;12/30/99 08:21 PM;191;0,999999999999976;16;;;;;;;;;;;;;
2019-10-23 19:53:23;2019-10-23 19:53:23;43761;12/30/99 07:53 PM;192;1,03333333333331;16,0333333333333;;;;;;;;;;;;;
2019-10-23 20:11:46;2019-10-23 20:11:46;43761;12/30/99 08:11 PM;193;1,06666666666664;16,0666666666666;;;;;;;;;;;;;
2019-10-23 19:57:49;2019-10-23 19:57:49;43761;12/30/99 07:57 PM;194;1,09999999999998;16,1;;;;;;;;;;;;;
2019-10-23 20:13:37;2019-10-23 20:13:37;43761;12/30/99 08:13 PM;195;1,13333333333331;16,1333333333333;;;;;;;;;;;;;
2019-10-23 19:56:31;2019-10-23 19:56:31;43761;12/30/99 07:56 PM;196;1,16666666666664;16,1666666666666;;;;;;;;;;;;;
2019-10-23 19:36:46;2019-10-23 19:36:46;43761;12/30/99 07:36 PM;197;1,19999999999998;16,2;;;;;;;;;;;;;
2019-10-23 20:15:22;2019-10-23 20:15:22;43761;12/30/99 08:15 PM;198;1,23333333333331;16,2333333333333;;;;;;;;;;;;;
2019-10-23 19:58:46;2019-10-23 19:58:46;43761;12/30/99 07:58 PM;199;1,26666666666664;16,2666666666666;;;;;;;;;;;;;
2019-10-23 20:01:08;2019-10-23 20:01:08;43761;12/30/99 08:01 PM;200;1,29999999999998;16,3;;;;;;;;;;;;;
2019-10-23 19:56:39;2019-10-23 19:56:39;43761;12/30/99 07:56 PM;201;1,33333333333331;16,3333333333333;;;;;;;;;;;;;
2019-10-23 20:17:30;2019-10-23 20:17:30;43761;12/30/99 08:17 PM;202;1,36666666666664;16,3666666666666;;;;;;;;;;;;;
2019-10-23 20:07:51;2019-10-23 20:07:51;43761;12/30/99 08:07 PM;203;1,39999999999998;16,4;;;;;;;;;;;;;
2019-10-23 20:06:20;2019-10-23 20:06:20;43761;12/30/99 08:06 PM;204;1,43333333333331;16,4333333333333;;;;;;;;;;;;;
2019-10-23 20:08:25;2019-10-23 20:08:25;43761;12/30/99 08:08 PM;205;1,46666666666664;16,4666666666666;;;;;;;;;;;;;
2019-10-23 20:09:52;2019-10-23 20:09:52;43761;12/30/99 08:09 PM;206;1,49999999999998;16,5;;;;;;;;;;;;;
2019-10-23 19:44:32;2019-10-23 19:44:32;43761;12/30/99 07:44 PM;207;1,53333333333331;16,5333333333333;;;;;;;;;;;;;
2019-10-23 20:24:37;2019-10-23 20:24:37;43761;12/30/99 08:24 PM;208;1,56666666666664;16,5666666666667;;;;;;;;;;;;;
2019-10-23 19:47:14;2019-10-23 19:47:14;43761;12/30/99 07:47 PM;209;1,59999999999998;16,6;;;;;;;;;;;;;
2019-10-23 20:18:26;2019-10-23 20:18:26;43761;12/30/99 08:18 PM;210;1,63333333333331;16,6333333333333;;;;;;;;;;;;;
2019-10-23 19:58:49;2019-10-23 19:58:49;43761;12/30/99 07:58 PM;211;1,66666666666664;16,6666666666667;;;;;;;;;;;;;
2019-10-23 19:59:53;2019-10-23 19:59:53;43761;12/30/99 07:59 PM;212;1,69999999999998;16,7;;;;;;;;;;;;;
2019-10-23 19:44:47;2019-10-23 19:44:47;43761;12/30/99 07:44 PM;213;1,73333333333331;16,7333333333333;;;;;;;;;;;;;
2019-10-23 19:56:48;2019-10-23 19:56:48;43761;12/30/99 07:56 PM;214;1,76666666666664;16,7666666666667;;;;;;;;;;;;;
2019-10-23 19:27:56;2019-10-23 19:27:56;43761;12/30/99 07:27 PM;215;1,79999999999998;16,8;;;;;;;;;;;;;
2019-10-23 20:01:08;2019-10-23 20:01:08;43761;12/30/99 08:01 PM;216;1,83333333333331;16,8333333333333;;;;;;;;;;;;;
2019-10-23 20:26:04;2019-10-23 20:26:04;43761;12/30/99 08:26 PM;217;1,86666666666665;16,8666666666667;;;;;;;;;;;;;
2019-10-23 19:50:41;2019-10-23 19:50:41;43761;12/30/99 07:50 PM;218;1,89999999999998;16,9;;;;;;;;;;;;;
2019-10-23 19:41:10;2019-10-23 19:41:10;43761;12/30/99 07:41 PM;219;1,93333333333331;16,9333333333333;;;;;;;;;;;;;
2019-10-23 20:08:00;2019-10-23 20:08:00;43761;12/30/99 08:08 PM;220;1,96666666666665;16,9666666666667;;;;;;;;;;;;;
2019-10-24 20:11:17;2019-10-24 20:11:17;43762;12/30/99 08:11 PM;191;1,99999999999998;17;;;;;;;;;;;;;
2019-10-24 20:00:05;2019-10-24 20:00:05;43762;12/30/99 08:00 PM;192;2,03333333333331;17,0333333333333;;;;;;;;;;;;;
2019-10-24 19:52:48;2019-10-24 19:52:48;43762;12/30/99 07:52 PM;193;2,06666666666664;17,0666666666667;;;;;;;;;;;;;
2019-10-24 20:00:17;2019-10-24 20:00:17;43762;12/30/99 08:00 PM;194;2,09999999999998;17,1;;;;;;;;;;;;;
2019-10-24 19:47:56;2019-10-24 19:47:56;43762;12/30/99 07:47 PM;195;2,13333333333331;17,1333333333333;;;;;;;;;;;;;
2019-10-24 20:20:28;2019-10-24 20:20:28;43762;12/30/99 08:20 PM;196;2,16666666666664;17,1666666666667;;;;;;;;;;;;;
2019-10-24 19:38:38;2019-10-24 19:38:38;43762;12/30/99 07:38 PM;197;2,19999999999998;17,2;;;;;;;;;;;;;
2019-10-24 20:00:41;2019-10-24 20:00:41;43762;12/30/99 08:00 PM;198;2,23333333333331;17,2333333333334;;;;;;;;;;;;;
2019-10-24 20:03:29;2019-10-24 20:03:29;43762;12/30/99 08:03 PM;199;2,26666666666664;17,2666666666667;;;;;;;;;;;;;
2019-10-24 19:54:34;2019-10-24 19:54:34;43762;12/30/99 07:54 PM;200;2,29999999999998;17,3;;;;;;;;;;;;;
2019-10-24 19:42:29;2019-10-24 19:42:29;43762;12/30/99 07:42 PM;201;2,33333333333331;17,3333333333334;;;;;;;;;;;;;
2019-10-24 20:17:27;2019-10-24 20:17:27;43762;12/30/99 08:17 PM;202;2,36666666666664;17,3666666666667;;;;;;;;;;;;;
2019-10-24 19:46:53;2019-10-24 19:46:53;43762;12/30/99 07:46 PM;203;2,39999999999998;17,4;;;;;;;;;;;;;
2019-10-24 20:06:05;2019-10-24 20:06:05;43762;12/30/99 08:06 PM;204;2,43333333333331;17,4333333333334;;;;;;;;;;;;;
2019-10-24 19:58:05;2019-10-24 19:58:05;43762;12/30/99 07:58 PM;205;2,46666666666664;17,4666666666667;;;;;;;;;;;;;
2019-10-24 20:21:57;2019-10-24 20:21:57;43762;12/30/99 08:21 PM;206;2,49999999999998;17,5;;;;;;;;;;;;;
2019-10-24 20:02:26;2019-10-24 20:02:26;43762;12/30/99 08:02 PM;207;2,53333333333331;17,5333333333334;;;;;;;;;;;;;
2019-10-24 19:48:35;2019-10-24 19:48:35;43762;12/30/99 07:48 PM;208;2,56666666666664;17,5666666666667;;;;;;;;;;;;;
2019-10-24 20:04:05;2019-10-24 20:04:05;43762;12/30/99 08:04 PM;209;2,59999999999998;17,6;;;;;;;;;;;;;
2019-10-24 19:45:42;2019-10-24 19:45:42;43762;12/30/99 07:45 PM;210;2,63333333333331;17,6333333333334;;;;;;;;;;;;;
2019-10-24 20:04:41;2019-10-24 20:04:41;43762;12/30/99 08:04 PM;211;2,66666666666664;17,6666666666667;;;;;;;;;;;;;
2019-10-24 19:11:31;2019-10-24 19:11:31;43762;12/30/99 07:11 PM;212;2,69999999999998;17,7;;;;;;;;;;;;;
2019-10-24 20:16:30;2019-10-24 20:16:30;43762;12/30/99 08:16 PM;213;2,73333333333331;17,7333333333334;;;;;;;;;;;;;
2019-10-24 19:59:56;2019-10-24 19:59:56;43762;12/30/99 07:59 PM;214;2,76666666666664;17,7666666666667;;;;;;;;;;;;;
2019-10-24 20:03:19;2019-10-24 20:03:19;43762;12/30/99 08:03 PM;215;2,79999999999998;17,8;;;;;;;;;;;;;
2019-10-24 19:57:49;2019-10-24 19:57:49;43762;12/30/99 07:57 PM;216;2,83333333333331;17,8333333333334;;;;;;;;;;;;;
2019-10-24 20:15:17;2019-10-24 20:15:17;43762;12/30/99 08:15 PM;217;2,86666666666664;17,8666666666667;;;;;;;;;;;;;
2019-10-24 19:52:31;2019-10-24 19:52:31;43762;12/30/99 07:52 PM;218;2,89999999999998;17,9;;;;;;;;;;;;;
2019-10-24 20:09:51;2019-10-24 20:09:51;43762;12/30/99 08:09 PM;219;2,93333333333331;17,9333333333334;;;;;;;;;;;;;
2019-10-24 20:11:29;2019-10-24 20:11:29;43762;12/30/99 08:11 PM;220;2,96666666666664;17,9666666666667;;;;;;;;;;;;;
2019-10-25 20:06:12;2019-10-25 20:06:12;43763;12/30/99 08:06 PM;191;2,99999999999998;18,0000000000001;;;;;;;;;;;;;
2019-10-25 19:50:20;2019-10-25 19:50:20;43763;12/30/99 07:50 PM;192;3,03333333333331;18,0333333333334;;;;;;;;;;;;;
2019-10-25 19:58:38;2019-10-25 19:58:38;43763;12/30/99 07:58 PM;193;3,06666666666664;18,0666666666667;;;;;;;;;;;;;
2019-10-25 20:01:01;2019-10-25 20:01:01;43763;12/30/99 08:01 PM;194;3,09999999999997;18,1000000000001;;;;;;;;;;;;;
2019-10-25 20:07:30;2019-10-25 20:07:30;43763;12/30/99 08:07 PM;195;3,13333333333331;18,1333333333334;;;;;;;;;;;;;
2019-10-25 20:13:58;2019-10-25 20:13:58;43763;12/30/99 08:13 PM;196;3,16666666666664;18,1666666666667;;;;;;;;;;;;;
2019-10-25 20:15:54;2019-10-25 20:15:54;43763;12/30/99 08:15 PM;197;3,19999999999997;18,2000000000001;;;;;;;;;;;;;
2019-10-25 19:59:00;2019-10-25 19:59:00;43763;12/30/99 07:59 PM;198;3,23333333333331;18,2333333333334;;;;;;;;;;;;;
2019-10-25 20:12:01;2019-10-25 20:12:01;43763;12/30/99 08:12 PM;199;3,26666666666664;18,2666666666667;;;;;;;;;;;;;
2019-10-25 19:44:07;2019-10-25 19:44:07;43763;12/30/99 07:44 PM;200;3,29999999999997;18,3000000000001;;;;;;;;;;;;;
2019-10-25 19:40:16;2019-10-25 19:40:16;43763;12/30/99 07:40 PM;201;3,33333333333331;18,3333333333334;;;;;;;;;;;;;
2019-10-25 19:51:36;2019-10-25 19:51:36;43763;12/30/99 07:51 PM;202;3,36666666666664;18,3666666666667;;;;;;;;;;;;;
2019-10-25 20:00:03;2019-10-25 20:00:03;43763;12/30/99 08:00 PM;203;3,39999999999997;18,4000000000001;;;;;;;;;;;;;
2019-10-25 19:58:54;2019-10-25 19:58:54;43763;12/30/99 07:58 PM;204;3,43333333333331;18,4333333333334;;;;;;;;;;;;;
2019-10-25 19:43:45;2019-10-25 19:43:45;43763;12/30/99 07:43 PM;205;3,46666666666664;18,4666666666667;;;;;;;;;;;;;
2019-10-25 19:35:23;2019-10-25 19:35:23;43763;12/30/99 07:35 PM;206;3,49999999999997;18,5000000000001;;;;;;;;;;;;;
2019-10-25 19:52:06;2019-10-25 19:52:06;43763;12/30/99 07:52 PM;207;3,53333333333331;18,5333333333334;;;;;;;;;;;;;
2019-10-25 19:53:46;2019-10-25 19:53:46;43763;12/30/99 07:53 PM;208;3,56666666666664;18,5666666666667;;;;;;;;;;;;;
2019-10-25 20:15:08;2019-10-25 20:15:08;43763;12/30/99 08:15 PM;209;3,59999999999997;18,6000000000001;;;;;;;;;;;;;
2019-10-25 19:57:43;2019-10-25 19:57:43;43763;12/30/99 07:57 PM;210;3,63333333333331;18,6333333333334;;;;;;;;;;;;;
2019-10-25 19:44:57;2019-10-25 19:44:57;43763;12/30/99 07:44 PM;211;3,66666666666664;18,6666666666668;;;;;;;;;;;;;
2019-10-25 19:50:16;2019-10-25 19:50:16;43763;12/30/99 07:50 PM;212;3,69999999999997;18,7000000000001;;;;;;;;;;;;;
2019-10-25 20:07:37;2019-10-25 20:07:37;43763;12/30/99 08:07 PM;213;3,73333333333331;18,7333333333334;;;;;;;;;;;;;
2019-10-25 20:03:35;2019-10-25 20:03:35;43763;12/30/99 08:03 PM;214;3,76666666666664;18,7666666666668;;;;;;;;;;;;;
2019-10-25 20:01:35;2019-10-25 20:01:35;43763;12/30/99 08:01 PM;215;3,79999999999997;18,8000000000001;;;;;;;;;;;;;
2019-10-25 19:39:19;2019-10-25 19:39:19;43763;12/30/99 07:39 PM;216;3,83333333333331;18,8333333333334;;;;;;;;;;;;;
2019-10-25 19:54:31;2019-10-25 19:54:31;43763;12/30/99 07:54 PM;217;3,86666666666664;18,8666666666668;;;;;;;;;;;;;
2019-10-25 20:37:21;2019-10-25 20:37:21;43763;12/30/99 08:37 PM;218;3,89999999999997;18,9000000000001;;;;;;;;;;;;;
2019-10-25 19:52:22;2019-10-25 19:52:22;43763;12/30/99 07:52 PM;219;3,93333333333331;18,9333333333334;;;;;;;;;;;;;
2019-10-25 20:27:59;2019-10-25 20:27:59;43763;12/30/99 08:27 PM;220;3,96666666666664;18,9666666666668;;;;;;;;;;;;;
2019-10-26 20:08:14;2019-10-26 20:08:14;43764;12/30/99 08:08 PM;191;3,99999999999997;19,0000000000001;;;;;;;;;;;;;
2019-10-26 19:40:19;2019-10-26 19:40:19;43764;12/30/99 07:40 PM;192;4,03333333333331;19,0333333333334;;;;;;;;;;;;;
2019-10-26 19:37:00;2019-10-26 19:37:00;43764;12/30/99 07:37 PM;193;4,06666666666664;19,0666666666668;;;;;;;;;;;;;
2019-10-26 19:56:25;2019-10-26 19:56:25;43764;12/30/99 07:56 PM;194;4,09999999999997;19,1000000000001;;;;;;;;;;;;;
2019-10-26 20:10:44;2019-10-26 20:10:44;43764;12/30/99 08:10 PM;195;4,1333333333333;19,1333333333334;;;;;;;;;;;;;
2019-10-26 20:00:33;2019-10-26 20:00:33;43764;12/30/99 08:00 PM;196;4,16666666666664;19,1666666666668;;;;;;;;;;;;;
2019-10-26 20:10:24;2019-10-26 20:10:24;43764;12/30/99 08:10 PM;197;4,19999999999997;19,2000000000001;;;;;;;;;;;;;
2019-10-26 19:59:50;2019-10-26 19:59:50;43764;12/30/99 07:59 PM;198;4,2333333333333;19,2333333333334;;;;;;;;;;;;;
2019-10-26 19:51:51;2019-10-26 19:51:51;43764;12/30/99 07:51 PM;199;4,26666666666664;19,2666666666668;;;;;;;;;;;;;
2019-10-26 19:59:22;2019-10-26 19:59:22;43764;12/30/99 07:59 PM;200;4,29999999999997;19,3000000000001;;;;;;;;;;;;;
2019-10-26 19:33:56;2019-10-26 19:33:56;43764;12/30/99 07:33 PM;201;4,3333333333333;19,3333333333335;;;;;;;;;;;;;
2019-10-26 20:19:42;2019-10-26 20:19:42;43764;12/30/99 08:19 PM;202;4,36666666666664;19,3666666666668;;;;;;;;;;;;;
2019-10-26 20:15:40;2019-10-26 20:15:40;43764;12/30/99 08:15 PM;203;4,39999999999997;19,4000000000001;;;;;;;;;;;;;
2019-10-26 20:07:36;2019-10-26 20:07:36;43764;12/30/99 08:07 PM;204;4,4333333333333;19,4333333333335;;;;;;;;;;;;;
2019-10-26 19:39:41;2019-10-26 19:39:41;43764;12/30/99 07:39 PM;205;4,46666666666664;19,4666666666668;;;;;;;;;;;;;
2019-10-26 20:01:28;2019-10-26 20:01:28;43764;12/30/99 08:01 PM;206;4,49999999999997;19,5000000000001;;;;;;;;;;;;;
2019-10-26 20:05:50;2019-10-26 20:05:50;43764;12/30/99 08:05 PM;207;4,5333333333333;19,5333333333335;;;;;;;;;;;;;
2019-10-26 20:32:16;2019-10-26 20:32:16;43764;12/30/99 08:32 PM;208;4,56666666666664;19,5666666666668;;;;;;;;;;;;;
2019-10-26 20:17:26;2019-10-26 20:17:26;43764;12/30/99 08:17 PM;209;4,59999999999997;19,6000000000001;;;;;;;;;;;;;
2019-10-26 19:56:56;2019-10-26 19:56:56;43764;12/30/99 07:56 PM;210;4,6333333333333;19,6333333333335;;;;;;;;;;;;;
2019-10-26 19:38:15;2019-10-26 19:38:15;43764;12/30/99 07:38 PM;211;4,66666666666664;19,6666666666668;;;;;;;;;;;;;
2019-10-26 20:06:18;2019-10-26 20:06:18;43764;12/30/99 08:06 PM;212;4,69999999999997;19,7000000000001;;;;;;;;;;;;;
2019-10-26 20:17:00;2019-10-26 20:17:00;43764;12/30/99 08:17 PM;213;4,7333333333333;19,7333333333335;;;;;;;;;;;;;
2019-10-26 20:09:43;2019-10-26 20:09:43;43764;12/30/99 08:09 PM;214;4,76666666666664;19,7666666666668;;;;;;;;;;;;;
2019-10-26 19:52:06;2019-10-26 19:52:06;43764;12/30/99 07:52 PM;215;4,79999999999997;19,8000000000001;;;;;;;;;;;;;
2019-10-26 19:21:54;2019-10-26 19:21:54;43764;12/30/99 07:21 PM;216;4,8333333333333;19,8333333333335;;;;;;;;;;;;;
2019-10-26 20:01:35;2019-10-26 20:01:35;43764;12/30/99 08:01 PM;217;4,86666666666664;19,8666666666668;;;;;;;;;;;;;
2019-10-26 19:38:31;2019-10-26 19:38:31;43764;12/30/99 07:38 PM;218;4,89999999999997;19,9000000000001;;;;;;;;;;;;;
2019-10-26 19:45:20;2019-10-26 19:45:20;43764;12/30/99 07:45 PM;219;4,9333333333333;19,9333333333335;;;;;;;;;;;;;
2019-10-26 19:46:54;2019-10-26 19:46:54;43764;12/30/99 07:46 PM;220;4,96666666666664;19,9666666666668;;;;;;;;;;;;;
2019-10-27 19:43:26;2019-10-27 19:43:26;43765;12/30/99 07:43 PM;191;4,99999999999997;20,0000000000001;;;;;;;;;;;;;
2019-10-27 19:56:48;2019-10-27 19:56:48;43765;12/30/99 07:56 PM;192;0,033333333333301;20,0333333333335;;;;;;;;;;;;;
2019-10-27 20:31:01;2019-10-27 20:31:01;43765;12/30/99 08:31 PM;193;0,066666666666635;20,0666666666668;;;;;;;;;;;;;
2019-10-27 19:48:51;2019-10-27 19:48:51;43765;12/30/99 07:48 PM;194;0,099999999999968;20,1000000000002;;;;;;;;;;;;;
2019-10-27 20:06:35;2019-10-27 20:06:35;43765;12/30/99 08:06 PM;195;0,133333333333301;20,1333333333335;;;;;;;;;;;;;
2019-10-27 19:54:31;2019-10-27 19:54:31;43765;12/30/99 07:54 PM;196;0,166666666666635;20,1666666666668;;;;;;;;;;;;;
2019-10-27 20:06:32;2019-10-27 20:06:32;43765;12/30/99 08:06 PM;197;0,199999999999968;20,2000000000002;;;;;;;;;;;;;
2019-10-27 19:50:52;2019-10-27 19:50:52;43765;12/30/99 07:50 PM;198;0,233333333333301;20,2333333333335;;;;;;;;;;;;;
2019-10-27 19:50:18;2019-10-27 19:50:18;43765;12/30/99 07:50 PM;199;0,266666666666634;20,2666666666668;;;;;;;;;;;;;
2019-10-27 20:21:06;2019-10-27 20:21:06;43765;12/30/99 08:21 PM;200;0,299999999999968;20,3000000000002;;;;;;;;;;;;;
2019-10-27 19:46:05;2019-10-27 19:46:05;43765;12/30/99 07:46 PM;201;0,333333333333301;20,3333333333335;;;;;;;;;;;;;
2019-10-27 19:47:11;2019-10-27 19:47:11;43765;12/30/99 07:47 PM;202;0,366666666666634;20,3666666666668;;;;;;;;;;;;;
2019-10-27 20:11:05;2019-10-27 20:11:05;43765;12/30/99 08:11 PM;203;0,399999999999968;20,4000000000002;;;;;;;;;;;;;
2019-10-27 19:54:27;2019-10-27 19:54:27;43765;12/30/99 07:54 PM;204;0,433333333333301;20,4333333333335;;;;;;;;;;;;;
2019-10-27 20:01:16;2019-10-27 20:01:16;43765;12/30/99 08:01 PM;205;0,466666666666634;20,4666666666668;;;;;;;;;;;;;
2019-10-27 20:20:24;2019-10-27 20:20:24;43765;12/30/99 08:20 PM;206;0,499999999999968;20,5000000000002;;;;;;;;;;;;;
2019-10-27 20:04:47;2019-10-27 20:04:47;43765;12/30/99 08:04 PM;207;0,533333333333301;20,5333333333335;;;;;;;;;;;;;
2019-10-27 19:54:35;2019-10-27 19:54:35;43765;12/30/99 07:54 PM;208;0,566666666666634;20,5666666666668;;;;;;;;;;;;;
2019-10-27 20:21:37;2019-10-27 20:21:37;43765;12/30/99 08:21 PM;209;0,599999999999968;20,6000000000002;;;;;;;;;;;;;
2019-10-27 19:58:55;2019-10-27 19:58:55;43765;12/30/99 07:58 PM;210;0,633333333333301;20,6333333333335;;;;;;;;;;;;;
2019-10-27 19:51:12;2019-10-27 19:51:12;43765;12/30/99 07:51 PM;211;0,666666666666634;20,6666666666668;;;;;;;;;;;;;
2019-10-27 20:02:24;2019-10-27 20:02:24;43765;12/30/99 08:02 PM;212;0,699999999999968;20,7000000000002;;;;;;;;;;;;;
2019-10-27 20:00:05;2019-10-27 20:00:05;43765;12/30/99 08:00 PM;213;0,733333333333301;20,7333333333335;;;;;;;;;;;;;
2019-10-27 19:45:14;2019-10-27 19:45:14;43765;12/30/99 07:45 PM;214;0,766666666666634;20,7666666666669;;;;;;;;;;;;;
2019-10-27 20:14:16;2019-10-27 20:14:16;43765;12/30/99 08:14 PM;215;0,799999999999968;20,8000000000002;;;;;;;;;;;;;
2019-10-27 20:04:10;2019-10-27 20:04:10;43765;12/30/99 08:04 PM;216;0,833333333333301;20,8333333333335;;;;;;;;;;;;;
2019-10-27 19:57:25;2019-10-27 19:57:25;43765;12/30/99 07:57 PM;217;0,866666666666634;20,8666666666669;;;;;;;;;;;;;
2019-10-27 19:59:20;2019-10-27 19:59:20;43765;12/30/99 07:59 PM;218;0,899999999999968;20,9000000000002;;;;;;;;;;;;;
2019-10-27 19:27:30;2019-10-27 19:27:30;43765;12/30/99 07:27 PM;219;0,933333333333301;20,9333333333335;;;;;;;;;;;;;
2019-10-27 20:14:20;2019-10-27 20:14:20;43765;12/30/99 08:14 PM;220;0,966666666666634;20,9666666666669;;;;;;;;;;;;;
2019-10-28 20:28:15;2019-10-28 20:28:15;43766;12/30/99 08:28 PM;191;0,999999999999968;21,0000000000002;;;;;;;;;;;;;
2019-10-28 20:00:16;2019-10-28 20:00:16;43766;12/30/99 08:00 PM;192;1,0333333333333;21,0333333333335;;;;;;;;;;;;;
2019-10-28 19:33:24;2019-10-28 19:33:24;43766;12/30/99 07:33 PM;193;1,06666666666663;21,0666666666669;;;;;;;;;;;;;
2019-10-28 19:38:04;2019-10-28 19:38:04;43766;12/30/99 07:38 PM;194;1,09999999999997;21,1000000000002;;;;;;;;;;;;;
2019-10-28 20:05:12;2019-10-28 20:05:12;43766;12/30/99 08:05 PM;195;1,1333333333333;21,1333333333335;;;;;;;;;;;;;
2019-10-28 20:34:15;2019-10-28 20:34:15;43766;12/30/99 08:34 PM;196;1,16666666666663;21,1666666666669;;;;;;;;;;;;;
2019-10-28 20:00:20;2019-10-28 20:00:20;43766;12/30/99 08:00 PM;197;1,19999999999997;21,2000000000002;;;;;;;;;;;;;
2019-10-28 20:31:03;2019-10-28 20:31:03;43766;12/30/99 08:31 PM;198;1,2333333333333;21,2333333333335;;;;;;;;;;;;;
2019-10-28 20:01:25;2019-10-28 20:01:25;43766;12/30/99 08:01 PM;199;1,26666666666664;21,2666666666669;;;;;;;;;;;;;
2019-10-28 19:49:26;2019-10-28 19:49:26;43766;12/30/99 07:49 PM;200;1,29999999999997;21,3000000000002;;;;;;;;;;;;;
2019-10-28 20:22:09;2019-10-28 20:22:09;43766;12/30/99 08:22 PM;201;1,3333333333333;21,3333333333335;;;;;;;;;;;;;
2019-10-28 20:14:46;2019-10-28 20:14:46;43766;12/30/99 08:14 PM;202;1,36666666666664;21,3666666666669;;;;;;;;;;;;;
2019-10-28 20:02:37;2019-10-28 20:02:37;43766;12/30/99 08:02 PM;203;1,39999999999997;21,4000000000002;;;;;;;;;;;;;
2019-10-28 20:11:43;2019-10-28 20:11:43;43766;12/30/99 08:11 PM;204;1,4333333333333;21,4333333333336;;;;;;;;;;;;;
2019-10-28 19:54:51;2019-10-28 19:54:51;43766;12/30/99 07:54 PM;205;1,46666666666664;21,4666666666669;;;;;;;;;;;;;
2019-10-28 19:44:39;2019-10-28 19:44:39;43766;12/30/99 07:44 PM;206;1,49999999999997;21,5000000000002;;;;;;;;;;;;;
2019-10-28 19:59:08;2019-10-28 19:59:08;43766;12/30/99 07:59 PM;207;1,5333333333333;21,5333333333336;;;;;;;;;;;;;
2019-10-28 20:07:40;2019-10-28 20:07:40;43766;12/30/99 08:07 PM;208;1,56666666666664;21,5666666666669;;;;;;;;;;;;;
2019-10-28 20:05:10;2019-10-28 20:05:10;43766;12/30/99 08:05 PM;209;1,59999999999997;21,6000000000002;;;;;;;;;;;;;
2019-10-28 19:45:37;2019-10-28 19:45:37;43766;12/30/99 07:45 PM;210;1,6333333333333;21,6333333333336;;;;;;;;;;;;;
2019-10-28 20:01:32;2019-10-28 20:01:32;43766;12/30/99 08:01 PM;211;1,66666666666664;21,6666666666669;;;;;;;;;;;;;
2019-10-28 20:06:41;2019-10-28 20:06:41;43766;12/30/99 08:06 PM;212;1,69999999999997;21,7000000000002;;;;;;;;;;;;;
2019-10-28 19:40:31;2019-10-28 19:40:31;43766;12/30/99 07:40 PM;213;1,7333333333333;21,7333333333336;;;;;;;;;;;;;
2019-10-28 20:21:19;2019-10-28 20:21:19;43766;12/30/99 08:21 PM;214;1,76666666666664;21,7666666666669;;;;;;;;;;;;;
2019-10-28 19:59:31;2019-10-28 19:59:31;43766;12/30/99 07:59 PM;215;1,79999999999997;21,8000000000002;;;;;;;;;;;;;
2019-10-28 20:08:51;2019-10-28 20:08:51;43766;12/30/99 08:08 PM;216;1,8333333333333;21,8333333333336;;;;;;;;;;;;;
2019-10-28 20:05:10;2019-10-28 20:05:10;43766;12/30/99 08:05 PM;217;1,86666666666664;21,8666666666669;;;;;;;;;;;;;
2019-10-28 19:54:58;2019-10-28 19:54:58;43766;12/30/99 07:54 PM;218;1,89999999999997;21,9000000000002;;;;;;;;;;;;;
2019-10-28 20:19:48;2019-10-28 20:19:48;43766;12/30/99 08:19 PM;219;1,9333333333333;21,9333333333336;;;;;;;;;;;;;
2019-10-28 19:53:32;2019-10-28 19:53:32;43766;12/30/99 07:53 PM;220;1,96666666666664;21,9666666666669;;;;;;;;;;;;;
